report,title,statement,item,n,v1,v2,v3,v4,line
2025年报,星宇股份2025年年度报告,BS,货币资金,2,2373348984.22,2023579016.90,,,"货币资金 七、1 2,373,348,984.22 2,023,579,016.90"
2025年报,星宇股份2025年年度报告,BS,交易性金融资产,2,1444626056.43,1122398868.30,,,"交易性金融资产 七、2 1,444,626,056.43 1,122,398,868.30"
2025年报,星宇股份2025年年度报告,BS,应收票据,2,2639677888.47,1592286968.91,,,"应收票据 七、4 2,639,677,888.47 1,592,286,968.91"
2025年报,星宇股份2025年年度报告,BS,应收账款,2,4509936010.00,4516645692.60,,,"应收账款 七、5 4,509,936,010.00 4,516,645,692.60"
2025年报,星宇股份2025年年度报告,BS,预付款项,2,31158008.54,42295109.74,,,"预付款项 七、8 31,158,008.54 42,295,109.74"
2025年报,星宇股份2025年年度报告,BS,其他应收款,2,4760037.79,2175738.82,,,"其他应收款 七、9 4,760,037.79 2,175,738.82"
2025年报,星宇股份2025年年度报告,BS,存货,2,2575031933.60,2629252263.74,,,"存货 七、10 2,575,031,933.60 2,629,252,263.74"
2025年报,星宇股份2025年年度报告,BS,其他流动资产,2,19244357.06,28346547.87,,,"其他流动资产 七、13 19,244,357.06 28,346,547.87"
2025年报,星宇股份2025年年度报告,BS,流动资产合计,2,13597783276.11,11956980206.88,,,"流动资产合计 13,597,783,276.11 11,956,980,206.88"
2025年报,星宇股份2025年年度报告,BS,其他权益工具投资,2,656373762.19,353555505.86,,,"其他权益工具投资 七、18 656,373,762.19 353,555,505.86"
2025年报,星宇股份2025年年度报告,BS,其他非流动金融资产,1,70000000.00,,,,"其他非流动金融资产 七、19 70,000,000.00"
2025年报,星宇股份2025年年度报告,BS,固定资产,2,3792994314.70,3540744694.09,,,"固定资产 七、21 3,792,994,314.70 3,540,744,694.09"
2025年报,星宇股份2025年年度报告,BS,在建工程,2,255291891.04,375156095.11,,,"在建工程 七、22 255,291,891.04 375,156,095.11"
2025年报,星宇股份2025年年度报告,BS,使用权资产,2,26647039.66,26974479.99,,,"使用权资产 七、25 26,647,039.66 26,974,479.99"
2025年报,星宇股份2025年年度报告,BS,无形资产,2,533733250.90,435833583.77,,,"无形资产 七、26 533,733,250.90 435,833,583.77"
2025年报,星宇股份2025年年度报告,BS,长期待摊费用,2,69069683.76,117887064.61,,,"长期待摊费用 七、28 69,069,683.76 117,887,064.61"
2025年报,星宇股份2025年年度报告,BS,递延所得税资产,2,17014249.82,27667628.21,,,"递延所得税资产 七、29 17,014,249.82 27,667,628.21"
2025年报,星宇股份2025年年度报告,BS,其他非流动资产,2,326320043.69,109267233.68,,,"其他非流动资产 七、30 326,320,043.69 109,267,233.68"
2025年报,星宇股份2025年年度报告,BS,非流动资产合计,2,5747444235.76,4987086285.32,,,"非流动资产合计 5,747,444,235.76 4,987,086,285.32"
2025年报,星宇股份2025年年度报告,BS,资产总计,2,19345227511.87,16944066492.20,,,"资产总计 19,345,227,511.87 16,944,066,492.20"
2025年报,星宇股份2025年年度报告,BS,应付票据,2,3162912401.96,2448205838.89,,,"应付票据 七、35 3,162,912,401.96 2,448,205,838.89"
2025年报,星宇股份2025年年度报告,BS,应付账款,2,3654496909.57,3275497479.42,,,"应付账款 七、36 3,654,496,909.57 3,275,497,479.42"
2025年报,星宇股份2025年年度报告,BS,合同负债,2,36580363.44,3380854.47,,,"合同负债 七、38 36,580,363.44 3,380,854.47"
2025年报,星宇股份2025年年度报告,BS,应付职工薪酬,2,166809053.61,169708869.91,,,"应付职工薪酬 七、39 166,809,053.61 169,708,869.91"
2025年报,星宇股份2025年年度报告,BS,应交税费,2,158818445.40,103162669.42,,,"应交税费 七、40 158,818,445.40 103,162,669.42"
2025年报,星宇股份2025年年度报告,BS,其他应付款,2,3532326.96,9834373.10,,,"其他应付款 七、41 3,532,326.96 9,834,373.10"
2025年报,星宇股份2025年年度报告,BS,一年内到期的非流动负债,2,13082683.07,16788983.37,,,"一年内到期的非流动负债 七、43 13,082,683.07 16,788,983.37"
2025年报,星宇股份2025年年度报告,BS,其他流动负债,2,158014382.20,54251609.21,,,"其他流动负债 七、44 158,014,382.20 54,251,609.21"
2025年报,星宇股份2025年年度报告,BS,流动负债合计,2,7354246566.21,6080830677.79,,,"流动负债合计 7,354,246,566.21 6,080,830,677.79"
2025年报,星宇股份2025年年度报告,BS,租赁负债,2,14303834.87,10850269.79,,,"租赁负债 七、47 14,303,834.87 10,850,269.79"
2025年报,星宇股份2025年年度报告,BS,长期应付款,2,116835543.81,139832370.20,,,"长期应付款 七、48 116,835,543.81 139,832,370.20"
2025年报,星宇股份2025年年度报告,BS,预计负债,1,72495310.58,,,,"预计负债 七、50 72,495,310.58"
2025年报,星宇股份2025年年度报告,BS,递延收益,2,405197040.70,419850206.13,,,"递延收益 七、51 405,197,040.70 419,850,206.13"
2025年报,星宇股份2025年年度报告,BS,递延所得税负债,2,56394058.76,42944959.47,,,"递延所得税负债 七、29 56,394,058.76 42,944,959.47"
2025年报,星宇股份2025年年度报告,BS,非流动负债合计,2,592730478.14,685973116.17,,,"非流动负债合计 592,730,478.14 685,973,116.17"
2025年报,星宇股份2025年年度报告,BS,负债合计,2,7946977044.35,6766803793.96,,,"负债合计 7,946,977,044.35 6,766,803,793.96"
2025年报,星宇股份2025年年度报告,BS,实收资本（或股本）,2,285679419.00,285679419.00,,,"实收资本（或股本） 七、53 285,679,419.00 285,679,419.00"
2025年报,星宇股份2025年年度报告,BS,资本公积,2,4150316689.11,4154633303.52,,,"资本公积 七、55 4,150,316,689.11 4,154,633,303.52"
2025年报,星宇股份2025年年度报告,BS,减：库存股,2,253285258.50,157860603.70,,,"减：库存股 七、56 253,285,258.50 157,860,603.70"
2025年报,星宇股份2025年年度报告,BS,其他综合收益,2,125296534.85,44889848.24,,,"其他综合收益 七、57 125,296,534.85 44,889,848.24"
2025年报,星宇股份2025年年度报告,BS,盈余公积,2,179346065.82,179346065.82,,,"盈余公积 七、59 179,346,065.82 179,346,065.82"
2025年报,星宇股份2025年年度报告,BS,未分配利润,2,6910897017.24,5670574665.36,,,"未分配利润 七、60 6,910,897,017.24 5,670,574,665.36"
2025年报,星宇股份2025年年度报告,BS,",",2,398250467.52,10177262698.24,,,"七、 11,398,250,467.52 10,177,262,698.24"
2025年报,星宇股份2025年年度报告,BS,所有者权益（或股东权益）合计,2,11398250467.52,10177262698.24,,,"所有者权益（或股东权益）合计 11,398,250,467.52 10,177,262,698.24"
2025年报,星宇股份2025年年度报告,BS,负债和所有者权益（或股东权益）总计,2,19345227511.87,16944066492.20,,,"19,345,227,511.87 16,944,066,492.20"
2025年报,星宇股份2025年年度报告,IS,营业总收入,2,15256665866.59,13252933664.95,,,"一、营业总收入 15,256,665,866.59 13,252,933,664.95"
2025年报,星宇股份2025年年度报告,IS,其中：营业收入,2,15256665866.59,13252933664.95,,,"其中：营业收入 七、61 15,256,665,866.59 13,252,933,664.95"
2025年报,星宇股份2025年年度报告,IS,营业总成本,2,13630195615.99,11786605064.44,,,"二、营业总成本 13,630,195,615.99 11,786,605,064.44"
2025年报,星宇股份2025年年度报告,IS,其中：营业成本,2,12258946238.23,10697270184.74,,,"其中：营业成本 七、61 12,258,946,238.23 10,697,270,184.74"
2025年报,星宇股份2025年年度报告,IS,税金及附加,2,77606276.87,63289327.26,,,"税金及附加 七、62 77,606,276.87 63,289,327.26"
2025年报,星宇股份2025年年度报告,IS,销售费用,2,62495052.28,55787222.14,,,"销售费用 七、63 62,495,052.28 55,787,222.14"
2025年报,星宇股份2025年年度报告,IS,管理费用,2,352672515.27,303653757.41,,,"管理费用 七、64 352,672,515.27 303,653,757.41"
2025年报,星宇股份2025年年度报告,IS,研发费用,2,883711835.98,655492684.95,,,"研发费用 七、65 883,711,835.98 655,492,684.95"
2025年报,星宇股份2025年年度报告,IS,财务费用,2,-5236302.64,11111887.94,,,"财务费用 七、66 -5,236,302.64 11,111,887.94"
2025年报,星宇股份2025年年度报告,IS,其中：利息费用,2,6903261.80,6409774.12,,,"其中：利息费用 6,903,261.80 6,409,774.12"
2025年报,星宇股份2025年年度报告,IS,利息收入,2,9567377.38,14290253.72,,,"利息收入 9,567,377.38 14,290,253.72"
2025年报,星宇股份2025年年度报告,IS,加：其他收益,2,159100452.64,175570801.29,,,"加：其他收益 七、67 159,100,452.64 175,570,801.29"
2025年报,星宇股份2025年年度报告,IS,投资收益（损失以“－”号填列）,2,1595255.98,773457.44,,,"投资收益（损失以“－”号填列） 七、68 1,595,255.98 773,457.44"
2025年报,星宇股份2025年年度报告,IS,公允价值变动收益（损失以“－”号填列）,2,42498824.61,46428147.44,,,"七、70 42,498,824.61 46,428,147.44"
2025年报,星宇股份2025年年度报告,IS,信用减值损失（损失以“-”号填列）,2,-288040.77,-56957382.01,,,"信用减值损失（损失以“-”号填列） 七、71 -288,040.77 -56,957,382.01"
2025年报,星宇股份2025年年度报告,IS,资产减值损失（损失以“-”号填列）,2,-10499896.98,-26330973.58,,,"资产减值损失（损失以“-”号填列） 七、72 -10,499,896.98 -26,330,973.58"
2025年报,星宇股份2025年年度报告,IS,资产处置收益（损失以“－”号填列）,2,-1359207.29,-11705340.89,,,"资产处置收益（损失以“－”号填列） 七、73 -1,359,207.29 -11,705,340.89"
2025年报,星宇股份2025年年度报告,IS,营业利润（亏损以“－”号填列）,2,1817517638.79,1594107310.20,,,"三、营业利润（亏损以“－”号填列） 1,817,517,638.79 1,594,107,310.20"
2025年报,星宇股份2025年年度报告,IS,加：营业外收入,2,3428852.75,6896990.07,,,"加：营业外收入 七、74 3,428,852.75 6,896,990.07"
2025年报,星宇股份2025年年度报告,IS,减：营业外支出,2,7710905.57,8578534.66,,,"减：营业外支出 七、75 7,710,905.57 8,578,534.66"
2025年报,星宇股份2025年年度报告,IS,利润总额（亏损总额以“－”号填列）,2,1813235585.97,1592425765.61,,,"四、利润总额（亏损总额以“－”号填列） 1,813,235,585.97 1,592,425,765.61"
2025年报,星宇股份2025年年度报告,IS,减：所得税费用,2,189144984.88,184145270.15,,,"减：所得税费用 七、76 189,144,984.88 184,145,270.15"
2025年报,星宇股份2025年年度报告,IS,净利润（净亏损以“－”号填列）,2,1624090601.09,1408280495.46,,,"五、净利润（净亏损以“－”号填列） 1,624,090,601.09 1,408,280,495.46"
2025年报,星宇股份2025年年度报告,IS,持续经营净利润（净亏损以“－”号填列）,2,1624090601.09,1408280495.46,,,"1.持续经营净利润（净亏损以“－”号填列） 1,624,090,601.09 1,408,280,495.46"
2025年报,星宇股份2025年年度报告,IS,归属于母公司股东的净利润（净亏损以“-”号填列）,2,1624090601.09,1408280495.46,,,"1,624,090,601.09 1,408,280,495.46"
2025年报,星宇股份2025年年度报告,IS,其他综合收益的税后净额,2,80406686.61,-10454432.27,,,"六、其他综合收益的税后净额 80,406,686.61 -10,454,432.27"
2025年报,星宇股份2025年年度报告,IS,归属母公司所有者的其他综合收益的税后净额,2,80406686.61,-10454432.27,,,"80,406,686.61 -10,454,432.27"
2025年报,星宇股份2025年年度报告,IS,不能重分类进损益的其他综合收益,2,40528061.52,864726.82,,,"1．不能重分类进损益的其他综合收益 40,528,061.52 864,726.82"
2025年报,星宇股份2025年年度报告,IS,其他权益工具投资公允价值变动,2,40528061.52,864726.82,,,"（3）其他权益工具投资公允价值变动 40,528,061.52 864,726.82"
2025年报,星宇股份2025年年度报告,IS,将重分类进损益的其他综合收益,2,39878625.09,-11319159.09,,,"2．将重分类进损益的其他综合收益 39,878,625.09 -11,319,159.09"
2025年报,星宇股份2025年年度报告,IS,外币财务报表折算差额,2,39878625.09,-11319159.09,,,"（6）外币财务报表折算差额 39,878,625.09 -11,319,159.09"
2025年报,星宇股份2025年年度报告,IS,综合收益总额,2,1704497287.70,1397826063.19,,,"七、综合收益总额 1,704,497,287.70 1,397,826,063.19"
2025年报,星宇股份2025年年度报告,IS,归属于母公司所有者的综合收益总额,2,1704497287.70,1397826063.19,,,"（一）归属于母公司所有者的综合收益总额 1,704,497,287.70 1,397,826,063.19"
2025年报,星宇股份2025年年度报告,IS,基本每股收益(元/股),2,5.7072,4.9628,,,（一）基本每股收益(元/股) 5.7072 4.9628
2025年报,星宇股份2025年年度报告,IS,稀释每股收益(元/股),2,5.7071,4.9299,,,（二）稀释每股收益(元/股) 5.7071 4.9299
2025年报,星宇股份2025年年度报告,CF,销售商品、提供劳务收到的现金,2,15430078996.46,12573403590.98,,,"15,430,078,996.46 12,573,403,590.98"
2025年报,星宇股份2025年年度报告,CF,收到的税费返还,2,52210308.21,19432729.58,,,"收到的税费返还 52,210,308.21 19,432,729.58"
2025年报,星宇股份2025年年度报告,CF,收到其他与经营活动有关的现金,2,103898002.02,134877119.54,,,"七、78（1） 103,898,002.02 134,877,119.54"
2025年报,星宇股份2025年年度报告,CF,经营活动现金流入小计,2,15586187306.69,12727713440.10,,,"经营活动现金流入小计 15,586,187,306.69 12,727,713,440.10"
2025年报,星宇股份2025年年度报告,CF,购买商品、接受劳务支付的现金,2,10796932946.61,9634105798.71,,,"10,796,932,946.61 9,634,105,798.71"
2025年报,星宇股份2025年年度报告,CF,支付给职工及为职工支付的,2,1313079130.69,1254220330.26,,,"支付给职工及为职工支付的 1,313,079,130.69 1,254,220,330.26"
2025年报,星宇股份2025年年度报告,CF,支付的各项税费,2,633384090.74,595449577.38,,,"支付的各项税费 633,384,090.74 595,449,577.38"
2025年报,星宇股份2025年年度报告,CF,支付其他与经营活动有关的现金,2,406100672.61,334720465.63,,,"七、78（1） 406,100,672.61 334,720,465.63"
2025年报,星宇股份2025年年度报告,CF,经营活动现金流出小计,2,13149496840.65,11818496171.98,,,"经营活动现金流出小计 13,149,496,840.65 11,818,496,171.98"
2025年报,星宇股份2025年年度报告,CF,经营活动产生的现金流量净额,2,2436690466.04,909217268.12,,,"2,436,690,466.04 909,217,268.12"
2025年报,星宇股份2025年年度报告,CF,收回投资收到的现金,2,6902453606.83,5392340066.67,,,"收回投资收到的现金 6,902,453,606.83 5,392,340,066.67"
2025年报,星宇股份2025年年度报告,CF,取得投资收益收到的现金,2,43894387.81,46748901.32,,,"取得投资收益收到的现金 43,894,387.81 46,748,901.32"
2025年报,星宇股份2025年年度报告,CF,处置固定资产、无形资产和其他长期资产收回的现金净额,2,15358159.96,12837592.91,,,"15,358,159.96 12,837,592.91"
2025年报,星宇股份2025年年度报告,CF,投资活动现金流入小计,2,6961706154.60,5451926560.90,,,"投资活动现金流入小计 6,961,706,154.60 5,451,926,560.90"
2025年报,星宇股份2025年年度报告,CF,购建固定资产、无形资产和其他长期资产支付的现金,2,930969399.12,679141991.71,,,"930,969,399.12 679,141,991.71"
2025年报,星宇股份2025年年度报告,CF,投资支付的现金,2,7505589941.40,5372330000.00,,,"投资支付的现金 7,505,589,941.40 5,372,330,000.00"
2025年报,星宇股份2025年年度报告,CF,投资活动现金流出小计,2,8436559340.52,6051471991.71,,,"投资活动现金流出小计 8,436,559,340.52 6,051,471,991.71"
2025年报,星宇股份2025年年度报告,CF,投资活动产生的现金流量净额,2,-1474853185.92,-599545430.81,,,"-1,474,853,185.92 -599,545,430.81"
2025年报,星宇股份2025年年度报告,CF,吸收投资收到的现金,2,38841600.00,38880000.00,,,"吸收投资收到的现金 38,841,600.00 38,880,000.00"
2025年报,星宇股份2025年年度报告,CF,筹资活动现金流入小计,2,38841600.00,38880000.00,,,"筹资活动现金流入小计 38,841,600.00 38,880,000.00"
2025年报,星宇股份2025年年度报告,CF,分配股利、利润或偿付利息支付的现金,2,426462366.00,397275541.60,,,"426,462,366.00 397,275,541.60"
2025年报,星宇股份2025年年度报告,CF,支付其他与筹资活动有关的现金,2,180724277.62,13282832.67,,,"七、78（3） 180,724,277.62 13,282,832.67"
2025年报,星宇股份2025年年度报告,CF,筹资活动现金流出小计,2,607186643.62,410558374.27,,,"筹资活动现金流出小计 607,186,643.62 410,558,374.27"
2025年报,星宇股份2025年年度报告,CF,筹资活动产生的现金流量净额,2,-568345043.62,-371678374.27,,,"-568,345,043.62 -371,678,374.27"
2025年报,星宇股份2025年年度报告,CF,汇率变动对现金及现金等价物的影响,2,25303830.82,-27753540.85,,,"25,303,830.82 -27,753,540.85"
2025年报,星宇股份2025年年度报告,CF,现金及现金等价物净增加额,2,418796067.32,-89760077.81,,,"五、现金及现金等价物净增加额 418,796,067.32 -89,760,077.81"
2025年报,星宇股份2025年年度报告,CF,加：期初现金及现金等价物余额,2,1925079016.90,2014839094.71,,,"1,925,079,016.90 2,014,839,094.71"
2025年报,星宇股份2025年年度报告,CF,期末现金及现金等价物余额,2,2343875084.22,1925079016.90,,,"六、期末现金及现金等价物余额 2,343,875,084.22 1,925,079,016.90"
2024年报,星宇股份2024年年度报告全文,BS,货币资金,2,2023579016.90,2104662099.05,,,"货币资金 七、1 2,023,579,016.90 2,104,662,099.05"
2024年报,星宇股份2024年年度报告全文,BS,交易性金融资产,2,1122398868.30,1156956231.41,,,"交易性金融资产 七、2 1,122,398,868.30 1,156,956,231.41"
2024年报,星宇股份2024年年度报告全文,BS,应收票据,2,1592286968.91,1332193793.53,,,"应收票据 七、3 1,592,286,968.91 1,332,193,793.53"
2024年报,星宇股份2024年年度报告全文,BS,应收账款,2,4516645692.60,3065941900.95,,,"应收账款 七、5 4,516,645,692.60 3,065,941,900.95"
2024年报,星宇股份2024年年度报告全文,BS,预付款项,2,42295109.74,38633261.71,,,"预付款项 七、8 42,295,109.74 38,633,261.71"
2024年报,星宇股份2024年年度报告全文,BS,其他应收款,2,2175738.82,3563115.22,,,"其他应收款 七、9 2,175,738.82 3,563,115.22"
2024年报,星宇股份2024年年度报告全文,BS,存货,2,2629252263.74,2245406476.00,,,"存货 七、10 2,629,252,263.74 2,245,406,476.00"
2024年报,星宇股份2024年年度报告全文,BS,其他流动资产,2,28346547.87,17701359.88,,,"其他流动资产 七、13 28,346,547.87 17,701,359.88"
2024年报,星宇股份2024年年度报告全文,BS,流动资产合计,2,11956980206.88,9965058237.75,,,"流动资产合计 11,956,980,206.88 9,965,058,237.75"
2024年报,星宇股份2024年年度报告全文,BS,其他权益工具投资,2,353555505.86,335844237.89,,,"其他权益工具投资 七、18 353,555,505.86 335,844,237.89"
2024年报,星宇股份2024年年度报告全文,BS,固定资产,2,3540744694.09,3015972961.00,,,"固定资产 七、21 3,540,744,694.09 3,015,972,961.00"
2024年报,星宇股份2024年年度报告全文,BS,在建工程,2,375156095.11,732413573.47,,,"在建工程 七、22 375,156,095.11 732,413,573.47"
2024年报,星宇股份2024年年度报告全文,BS,使用权资产,2,26974479.99,39110036.17,,,"使用权资产 七、25 26,974,479.99 39,110,036.17"
2024年报,星宇股份2024年年度报告全文,BS,无形资产,2,435833583.77,456395050.61,,,"无形资产 七、26 435,833,583.77 456,395,050.61"
2024年报,星宇股份2024年年度报告全文,BS,长期待摊费用,2,117887064.61,131583150.44,,,"长期待摊费用 七、28 117,887,064.61 131,583,150.44"
2024年报,星宇股份2024年年度报告全文,BS,递延所得税资产,2,27667628.21,21433019.61,,,"递延所得税资产 七、29 27,667,628.21 21,433,019.61"
2024年报,星宇股份2024年年度报告全文,BS,其他非流动资产,2,109267233.68,76605990.27,,,"其他非流动资产 七、30 109,267,233.68 76,605,990.27"
2024年报,星宇股份2024年年度报告全文,BS,非流动资产合计,2,4987086285.32,4809358019.46,,,"非流动资产合计 4,987,086,285.32 4,809,358,019.46"
2024年报,星宇股份2024年年度报告全文,BS,资产总计,2,16944066492.20,14774416257.21,,,"资产总计 16,944,066,492.20 14,774,416,257.21"
2024年报,星宇股份2024年年度报告全文,BS,应付票据,2,2448205838.89,1984991637.48,,,"应付票据 七、35 2,448,205,838.89 1,984,991,637.48"
2024年报,星宇股份2024年年度报告全文,BS,应付账款,2,3275497479.42,2542255369.04,,,"应付账款 七、36 3,275,497,479.42 2,542,255,369.04"
2024年报,星宇股份2024年年度报告全文,BS,合同负债,2,3380854.47,7464976.08,,,"合同负债 七、38 3,380,854.47 7,464,976.08"
2024年报,星宇股份2024年年度报告全文,BS,应付职工薪酬,2,169708869.91,177852705.27,,,"应付职工薪酬 七、39 169,708,869.91 177,852,705.27"
2024年报,星宇股份2024年年度报告全文,BS,应交税费,2,103162669.42,105426743.86,,,"应交税费 七、40 103,162,669.42 105,426,743.86"
2024年报,星宇股份2024年年度报告全文,BS,其他应付款,2,9834373.10,10765617.34,,,"其他应付款 9,834,373.10 10,765,617.34"
2024年报,星宇股份2024年年度报告全文,BS,一年内到期的非流动负债,2,16788983.37,12971940.57,,,"一年内到期的非流动负债 七、43 16,788,983.37 12,971,940.57"
2024年报,星宇股份2024年年度报告全文,BS,其他流动负债,2,54251609.21,54052723.52,,,"其他流动负债 七、44 54,251,609.21 54,052,723.52"
2024年报,星宇股份2024年年度报告全文,BS,流动负债合计,2,6080830677.79,4895781713.16,,,"流动负债合计 6,080,830,677.79 4,895,781,713.16"
2024年报,星宇股份2024年年度报告全文,BS,租赁负债,2,10850269.79,24349972.54,,,"租赁负债 七、47 10,850,269.79 24,349,972.54"
2024年报,星宇股份2024年年度报告全文,BS,长期应付款,2,139832370.20,166851195.76,,,"长期应付款 七、48 139,832,370.20 166,851,195.76"
2024年报,星宇股份2024年年度报告全文,BS,预计负债,2,72495310.58,59248628.25,,,"预计负债 七、50 72,495,310.58 59,248,628.25"
2024年报,星宇股份2024年年度报告全文,BS,递延收益,2,419850206.13,467969124.38,,,"递延收益 七、51 419,850,206.13 467,969,124.38"
2024年报,星宇股份2024年年度报告全文,BS,递延所得税负债,2,42944959.47,24013656.36,,,"递延所得税负债 七、29 42,944,959.47 24,013,656.36"
2024年报,星宇股份2024年年度报告全文,BS,非流动负债合计,2,685973116.17,742432577.29,,,"非流动负债合计 685,973,116.17 742,432,577.29"
2024年报,星宇股份2024年年度报告全文,BS,负债合计,2,6766803793.96,5638214290.45,,,"负债合计 6,766,803,793.96 5,638,214,290.45"
2024年报,星宇股份2024年年度报告全文,BS,实收资本（或股本）,2,285679419.00,285679419.00,,,"实收资本（或股本） 七、53 285,679,419.00 285,679,419.00"
2024年报,星宇股份2024年年度报告全文,BS,资本公积,2,4154633303.52,4176293293.63,,,"资本公积 七、55 4,154,633,303.52 4,176,293,293.63"
2024年报,星宇股份2024年年度报告全文,BS,减：库存股,2,157860603.70,220030803.70,,,"减：库存股 七、56 157,860,603.70 220,030,803.70"
2024年报,星宇股份2024年年度报告全文,BS,其他综合收益,2,44889848.24,55344280.51,,,"其他综合收益 七、57 44,889,848.24 55,344,280.51"
2024年报,星宇股份2024年年度报告全文,BS,盈余公积,2,179346065.82,179346065.82,,,"盈余公积 七、59 179,346,065.82 179,346,065.82"
2024年报,星宇股份2024年年度报告全文,BS,未分配利润,2,5670574665.36,4659569711.50,,,"未分配利润 七、60 5,670,574,665.36 4,659,569,711.50"
2024年报,星宇股份2024年年度报告全文,BS,归属于母公司所有者权益（或股东权益）合计,2,10177262698.24,9136201966.76,,,"10,177,262,698.24 9,136,201,966.76"
2024年报,星宇股份2024年年度报告全文,BS,所有者权益（或股东权益）合计,2,10177262698.24,9136201966.76,,,"所有者权益（或股东权益）合计 10,177,262,698.24 9,136,201,966.76"
2024年报,星宇股份2024年年度报告全文,BS,负债和所有者权益（或股东权益）总计,2,16944066492.20,14774416257.21,,,"16,944,066,492.20 14,774,416,257.21"
2024年报,星宇股份2024年年度报告全文,IS,营业总收入,2,13252933664.95,10248445761.42,,,"一、营业总收入 13,252,933,664.95 10,248,445,761.42"
2024年报,星宇股份2024年年度报告全文,IS,其中：营业收入,2,13252933664.95,10248445761.42,,,"其中：营业收入 七、61 13,252,933,664.95 10,248,445,761.42"
2024年报,星宇股份2024年年度报告全文,IS,营业总成本,2,11786605064.44,9111351406.26,,,"二、营业总成本 11,786,605,064.44 9,111,351,406.26"
2024年报,星宇股份2024年年度报告全文,IS,其中：营业成本,2,10697270184.74,8139044797.32,,,"其中：营业成本 七、61 10,697,270,184.74 8,139,044,797.32"
2024年报,星宇股份2024年年度报告全文,IS,税金及附加,2,63289327.26,55966708.02,,,"税金及附加 七、62 63,289,327.26 55,966,708.02"
2024年报,星宇股份2024年年度报告全文,IS,销售费用,2,55787222.14,46828410.53,,,"销售费用 七、63 55,787,222.14 46,828,410.53"
2024年报,星宇股份2024年年度报告全文,IS,管理费用,2,303653757.41,271401447.09,,,"管理费用 七、64 303,653,757.41 271,401,447.09"
2024年报,星宇股份2024年年度报告全文,IS,研发费用,2,655492684.95,610244504.51,,,"研发费用 七、65 655,492,684.95 610,244,504.51"
2024年报,星宇股份2024年年度报告全文,IS,财务费用,2,11111887.94,-12134461.21,,,"财务费用 七、66 11,111,887.94 -12,134,461.21"
2024年报,星宇股份2024年年度报告全文,IS,其中：利息费用,2,6409774.12,1098755.22,,,"其中：利息费用 6,409,774.12 1,098,755.22"
2024年报,星宇股份2024年年度报告全文,IS,利息收入,2,14290253.72,17932647.65,,,"利息收入 14,290,253.72 17,932,647.65"
2024年报,星宇股份2024年年度报告全文,IS,加：其他收益,2,175570801.29,118635342.03,,,"加：其他收益 175,570,801.29 118,635,342.03"
2024年报,星宇股份2024年年度报告全文,IS,投资收益（损失以“－”号填列）,2,773457.44,-254758.37,,,"投资收益（损失以“－”号填列） 七、68 773,457.44 -254,758.37"
2024年报,星宇股份2024年年度报告全文,IS,公允价值变动收益（损失以“－”号填列）,2,46428147.44,56388485.28,,,"七、70 46,428,147.44 56,388,485.28"
2024年报,星宇股份2024年年度报告全文,IS,信用减值损失（损失以“-”号填列）,2,-56957382.01,-98501195.50,,,"信用减值损失（损失以“-”号填列） 七、71 -56,957,382.01 -98,501,195.50"
2024年报,星宇股份2024年年度报告全文,IS,资产减值损失（损失以“-”号填列）,2,-26330973.58,-13067194.12,,,"资产减值损失（损失以“-”号填列） 七、72 -26,330,973.58 -13,067,194.12"
2024年报,星宇股份2024年年度报告全文,IS,资产处置收益（损失以“－”号填列）,2,-11705340.89,-888747.13,,,"资产处置收益（损失以“－”号填列） 七、73 -11,705,340.89 -888,747.13"
2024年报,星宇股份2024年年度报告全文,IS,营业利润（亏损以“－”号填列）,2,1594107310.20,1199406287.35,,,"三、营业利润（亏损以“－”号填列） 1,594,107,310.20 1,199,406,287.35"
2024年报,星宇股份2024年年度报告全文,IS,加：营业外收入,2,6896990.07,9420184.22,,,"加：营业外收入 七、74 6,896,990.07 9,420,184.22"
2024年报,星宇股份2024年年度报告全文,IS,减：营业外支出,2,8578534.66,5736161.00,,,"减：营业外支出 七、75 8,578,534.66 5,736,161.00"
2024年报,星宇股份2024年年度报告全文,IS,利润总额（亏损总额以“－”号填列）,2,1592425765.61,1203090310.57,,,"四、利润总额（亏损总额以“－”号填列） 1,592,425,765.61 1,203,090,310.57"
2024年报,星宇股份2024年年度报告全文,IS,减：所得税费用,2,184145270.15,100960619.38,,,"减：所得税费用 七、76 184,145,270.15 100,960,619.38"
2024年报,星宇股份2024年年度报告全文,IS,净利润（净亏损以“－”号填列）,2,1408280495.46,1102129691.19,,,"五、净利润（净亏损以“－”号填列） 1,408,280,495.46 1,102,129,691.19"
2024年报,星宇股份2024年年度报告全文,IS,持续经营净利润（净亏损以“－”号填列）,2,1408280495.46,1102129691.19,,,"1,408,280,495.46 1,102,129,691.19"
2024年报,星宇股份2024年年度报告全文,IS,归属于母公司股东的净利润（净亏损以“-”号填列）,2,1408280495.46,1102129691.19,,,"1,408,280,495.46 1,102,129,691.19"
2024年报,星宇股份2024年年度报告全文,IS,其他综合收益的税后净额,2,-10454432.27,44818188.83,,,"六、其他综合收益的税后净额 七、77 -10,454,432.27 44,818,188.83"
2024年报,星宇股份2024年年度报告全文,IS,归属母公司所有者的其他综合收益的税后净额,2,-10454432.27,44818188.83,,,"-10,454,432.27 44,818,188.83"
2024年报,星宇股份2024年年度报告全文,IS,不能重分类进损益的其他综合收益,2,864726.82,9099221.10,,,"1．不能重分类进损益的其他综合收益 864,726.82 9,099,221.10"
2024年报,星宇股份2024年年度报告全文,IS,其他权益工具投资公允价值变动,2,864726.82,9099221.10,,,"（3）其他权益工具投资公允价值变动 864,726.82 9,099,221.10"
2024年报,星宇股份2024年年度报告全文,IS,将重分类进损益的其他综合收益,2,-11319159.09,35718967.73,,,"2．将重分类进损益的其他综合收益 -11,319,159.09 35,718,967.73"
2024年报,星宇股份2024年年度报告全文,IS,外币财务报表折算差额,2,-11319159.09,35718967.73,,,"（6）外币财务报表折算差额 -11,319,159.09 35,718,967.73"
2024年报,星宇股份2024年年度报告全文,IS,综合收益总额,2,1397826063.19,1146947880.02,,,"七、综合收益总额 1,397,826,063.19 1,146,947,880.02"
2024年报,星宇股份2024年年度报告全文,IS,归属于母公司所有者的综合收益总额,2,1397826063.19,1146947880.02,,,"1,397,826,063.19 1,146,947,880.02"
2024年报,星宇股份2024年年度报告全文,IS,基本每股收益(元/股),2,4.9628,3.8677,,,（一）基本每股收益(元/股) 4.9628 3.8677
2024年报,星宇股份2024年年度报告全文,IS,稀释每股收益(元/股),2,4.9299,3.8579,,,（二）稀释每股收益(元/股) 4.9299 3.8579
2024年报,星宇股份2024年年度报告全文,CF,销售商品、提供劳务收到的现金,2,12573403590.98,8294871852.97,,,"销售商品、提供劳务收到的现金 12,573,403,590.98 8,294,871,852.97"
2024年报,星宇股份2024年年度报告全文,CF,收到的税费返还,2,19432729.58,3434258.69,,,"收到的税费返还 19,432,729.58 3,434,258.69"
2024年报,星宇股份2024年年度报告全文,CF,收到其他与经营活动有关的现金,2,134877119.54,255999970.16,,,"收到其他与经营活动有关的现金 七、78(1) 134,877,119.54 255,999,970.16"
2024年报,星宇股份2024年年度报告全文,CF,经营活动现金流入小计,2,12727713440.10,8554306081.82,,,"经营活动现金流入小计 12,727,713,440.10 8,554,306,081.82"
2024年报,星宇股份2024年年度报告全文,CF,购买商品、接受劳务支付的现金,2,9634105798.71,6056973848.49,,,"购买商品、接受劳务支付的现金 9,634,105,798.71 6,056,973,848.49"
2024年报,星宇股份2024年年度报告全文,CF,支付给职工及为职工支付的现金,2,1254220330.26,1113845867.42,,,"支付给职工及为职工支付的现金 1,254,220,330.26 1,113,845,867.42"
2024年报,星宇股份2024年年度报告全文,CF,支付的各项税费,2,595449577.38,397879576.17,,,"支付的各项税费 595,449,577.38 397,879,576.17"
2024年报,星宇股份2024年年度报告全文,CF,支付其他与经营活动有关的现金,2,334720465.63,288472990.71,,,"支付其他与经营活动有关的现金 七、78(1) 334,720,465.63 288,472,990.71"
2024年报,星宇股份2024年年度报告全文,CF,经营活动现金流出小计,2,11818496171.98,7857172282.79,,,"经营活动现金流出小计 11,818,496,171.98 7,857,172,282.79"
2024年报,星宇股份2024年年度报告全文,CF,经营活动产生的现金流量净额,2,909217268.12,697133799.03,,,"经营活动产生的现金流量净额 909,217,268.12 697,133,799.03"
2024年报,星宇股份2024年年度报告全文,CF,收回投资收到的现金,2,5392340066.67,7915270000.00,,,"收回投资收到的现金 5,392,340,066.67 7,915,270,000.00"
2024年报,星宇股份2024年年度报告全文,CF,取得投资收益收到的现金,2,46748901.32,66758619.00,,,"取得投资收益收到的现金 46,748,901.32 66,758,619.00"
2024年报,星宇股份2024年年度报告全文,CF,处置固定资产、无形资产和其他长期资产收回的现金净额,2,12837592.91,7882120.37,,,"12,837,592.91 7,882,120.37"
2024年报,星宇股份2024年年度报告全文,CF,投资活动现金流入小计,2,5451926560.90,7989910739.37,,,"投资活动现金流入小计 5,451,926,560.90 7,989,910,739.37"
2024年报,星宇股份2024年年度报告全文,CF,购建固定资产、无形资产和其他长期资产支付的现金,2,679141991.71,1040633804.81,,,"679,141,991.71 1,040,633,804.81"
2024年报,星宇股份2024年年度报告全文,CF,投资支付的现金,2,5372330000.00,6519270000.00,,,"投资支付的现金 5,372,330,000.00 6,519,270,000.00"
2024年报,星宇股份2024年年度报告全文,CF,投资活动现金流出小计,2,6051471991.71,7559903804.81,,,"投资活动现金流出小计 6,051,471,991.71 7,559,903,804.81"
2024年报,星宇股份2024年年度报告全文,CF,投资活动产生的现金流量净额,2,-599545430.81,430006934.56,,,"投资活动产生的现金流量净额 -599,545,430.81 430,006,934.56"
2024年报,星宇股份2024年年度报告全文,CF,吸收投资收到的现金,1,38880000.00,,,,"吸收投资收到的现金 38,880,000.00"
2024年报,星宇股份2024年年度报告全文,CF,筹资活动现金流入小计,1,38880000.00,,,,"筹资活动现金流入小计 38,880,000.00"
2024年报,星宇股份2024年年度报告全文,CF,分配股利、利润或偿付利息支付的现金,2,397275541.60,312436522.20,,,"分配股利、利润或偿付利息支付的现金 397,275,541.60 312,436,522.20"
2024年报,星宇股份2024年年度报告全文,CF,支付其他与筹资活动有关的现金,2,13282832.67,237935841.48,,,"支付其他与筹资活动有关的现金 七、78(3) 13,282,832.67 237,935,841.48"
2024年报,星宇股份2024年年度报告全文,CF,筹资活动现金流出小计,2,410558374.27,550372363.68,,,"筹资活动现金流出小计 410,558,374.27 550,372,363.68"
2024年报,星宇股份2024年年度报告全文,CF,筹资活动产生的现金流量净额,2,-371678374.27,-550372363.68,,,"筹资活动产生的现金流量净额 -371,678,374.27 -550,372,363.68"
2024年报,星宇股份2024年年度报告全文,CF,汇率变动对现金及现金等价物的影响,2,-27753540.85,30198395.81,,,"四、汇率变动对现金及现金等价物的影响 -27,753,540.85 30,198,395.81"
2024年报,星宇股份2024年年度报告全文,CF,现金及现金等价物净增加额,2,-89760077.81,606966765.72,,,"五、现金及现金等价物净增加额 -89,760,077.81 606,966,765.72"
2024年报,星宇股份2024年年度报告全文,CF,加：期初现金及现金等价物余额,2,2014839094.71,1407872328.99,,,"加：期初现金及现金等价物余额 2,014,839,094.71 1,407,872,328.99"
2024年报,星宇股份2024年年度报告全文,CF,期末现金及现金等价物余额,2,1925079016.90,2014839094.71,,,"六、期末现金及现金等价物余额 1,925,079,016.90 2,014,839,094.71"
2023年报,星宇股份2023年年度报告全文,BS,货币资金,2,2104662099.05,1489135959.97,,,"货币资金 七、1 2,104,662,099.05 1,489,135,959.97"
2023年报,星宇股份2023年年度报告全文,BS,交易性金融资产,2,1156956231.41,2623326365.13,,,"交易性金融资产 七、2 1,156,956,231.41 2,623,326,365.13"
2023年报,星宇股份2023年年度报告全文,BS,应收票据,2,1332193793.53,1158461820.40,,,"应收票据 七、4 1,332,193,793.53 1,158,461,820.40"
2023年报,星宇股份2023年年度报告全文,BS,应收账款,2,3065941900.95,1301863322.32,,,"应收账款 七、5 3,065,941,900.95 1,301,863,322.32"
2023年报,星宇股份2023年年度报告全文,BS,预付款项,2,38633261.71,57408615.99,,,"预付款项 七、8 38,633,261.71 57,408,615.99"
2023年报,星宇股份2023年年度报告全文,BS,其他应收款,2,3563115.22,8607987.55,,,"其他应收款 七、9 3,563,115.22 8,607,987.55"
2023年报,星宇股份2023年年度报告全文,BS,存货,2,2245406476.00,2326070166.46,,,"存货 七、10 2,245,406,476.00 2,326,070,166.46"
2023年报,星宇股份2023年年度报告全文,BS,其他流动资产,2,17701359.88,12926805.53,,,"其他流动资产 七、13 17,701,359.88 12,926,805.53"
2023年报,星宇股份2023年年度报告全文,BS,流动资产合计,2,9965058237.75,8977801043.35,,,"流动资产合计 9,965,058,237.75 8,977,801,043.35"
2023年报,星宇股份2023年年度报告全文,BS,其他权益工具投资,2,335844237.89,264054685.57,,,"其他权益工具投资 七、18 335,844,237.89 264,054,685.57"
2023年报,星宇股份2023年年度报告全文,BS,固定资产,2,3015972961.00,2673456946.33,,,"固定资产 七、21 3,015,972,961.00 2,673,456,946.33"
2023年报,星宇股份2023年年度报告全文,BS,在建工程,2,732413573.47,597389622.39,,,"在建工程 七、22 732,413,573.47 597,389,622.39"
2023年报,星宇股份2023年年度报告全文,BS,使用权资产,2,39110036.17,4097327.44,,,"使用权资产 七、25 39,110,036.17 4,097,327.44"
2023年报,星宇股份2023年年度报告全文,BS,无形资产,2,456395050.61,439726897.41,,,"无形资产 七、26 456,395,050.61 439,726,897.41"
2023年报,星宇股份2023年年度报告全文,BS,长期待摊费用,2,131583150.44,107919003.35,,,"长期待摊费用 七、28 131,583,150.44 107,919,003.35"
2023年报,星宇股份2023年年度报告全文,BS,递延所得税资产,2,21433019.61,18607953.09,,,"递延所得税资产 七、29 21,433,019.61 18,607,953.09"
2023年报,星宇股份2023年年度报告全文,BS,其他非流动资产,2,76605990.27,153618073.08,,,"其他非流动资产 七、30 76,605,990.27 153,618,073.08"
2023年报,星宇股份2023年年度报告全文,BS,非流动资产合计,2,4809358019.46,4258870508.66,,,"非流动资产合计 4,809,358,019.46 4,258,870,508.66"
2023年报,星宇股份2023年年度报告全文,BS,资产总计,2,14774416257.21,13236671552.01,,,"资产总计 14,774,416,257.21 13,236,671,552.01"
2023年报,星宇股份2023年年度报告全文,BS,应付票据,2,1984991637.48,1647435226.97,,,"应付票据 七、35 1,984,991,637.48 1,647,435,226.97"
2023年报,星宇股份2023年年度报告全文,BS,应付账款,2,2542255369.04,2193242957.14,,,"应付账款 七、36 2,542,255,369.04 2,193,242,957.14"
2023年报,星宇股份2023年年度报告全文,BS,合同负债,2,7464976.08,16745972.21,,,"合同负债 七、38 7,464,976.08 16,745,972.21"
2023年报,星宇股份2023年年度报告全文,BS,应付职工薪酬,2,177852705.27,128359293.56,,,"应付职工薪酬 七、39 177,852,705.27 128,359,293.56"
2023年报,星宇股份2023年年度报告全文,BS,应交税费,2,105426743.86,87402971.79,,,"应交税费 七、40 105,426,743.86 87,402,971.79"
2023年报,星宇股份2023年年度报告全文,BS,其他应付款,2,10765617.34,9376847.43,,,"其他应付款 七、41 10,765,617.34 9,376,847.43"
2023年报,星宇股份2023年年度报告全文,BS,一年内到期的非流动负债,2,12971940.57,3524271.25,,,"一年内到期的非流动负债 七、43 12,971,940.57 3,524,271.25"
2023年报,星宇股份2023年年度报告全文,BS,其他流动负债,2,54052723.52,30881290.89,,,"其他流动负债 七、44 54,052,723.52 30,881,290.89"
2023年报,星宇股份2023年年度报告全文,BS,流动负债合计,2,4895781713.16,4116968831.24,,,"流动负债合计 4,895,781,713.16 4,116,968,831.24"
2023年报,星宇股份2023年年度报告全文,BS,租赁负债,2,24349972.54,53947.70,,,"租赁负债 七、47 24,349,972.54 53,947.70"
2023年报,星宇股份2023年年度报告全文,BS,长期应付款,2,166851195.76,193870021.72,,,"长期应付款 七、48 166,851,195.76 193,870,021.72"
2023年报,星宇股份2023年年度报告全文,BS,预计负债,2,59248628.25,50383471.03,,,"预计负债 七、50 59,248,628.25 50,383,471.03"
2023年报,星宇股份2023年年度报告全文,BS,递延收益,2,467969124.38,325191175.15,,,"递延收益 七、51 467,969,124.38 325,191,175.15"
2023年报,星宇股份2023年年度报告全文,BS,递延所得税负债,2,24013656.36,28482692.53,,,"递延所得税负债 七、29 24,013,656.36 28,482,692.53"
2023年报,星宇股份2023年年度报告全文,BS,非流动负债合计,2,742432577.29,597981308.13,,,"非流动负债合计 742,432,577.29 597,981,308.13"
2023年报,星宇股份2023年年度报告全文,BS,负债合计,2,5638214290.45,4714950139.37,,,"负债合计 5,638,214,290.45 4,714,950,139.37"
2023年报,星宇股份2023年年度报告全文,BS,实收资本（或股本）,2,285679419.00,285679419.00,,,"实收资本（或股本） 七、53 285,679,419.00 285,679,419.00"
2023年报,星宇股份2023年年度报告全文,BS,资本公积,2,4176293293.63,4176293293.63,,,"资本公积 七、55 4,176,293,293.63 4,176,293,293.63"
2023年报,星宇股份2023年年度报告全文,BS,减：库存股,1,220030803.70,,,,"减：库存股 七、56 220,030,803.70 -"
2023年报,星宇股份2023年年度报告全文,BS,其他综合收益,2,55344280.51,10526091.68,,,"其他综合收益 七、57 55,344,280.51 10,526,091.68"
2023年报,星宇股份2023年年度报告全文,BS,盈余公积,2,179346065.82,179346065.82,,,"盈余公积 七、59 179,346,065.82 179,346,065.82"
2023年报,星宇股份2023年年度报告全文,BS,未分配利润,2,4659569711.50,3869876542.51,,,"未分配利润 七、60 4,659,569,711.50 3,869,876,542.51"
2023年报,星宇股份2023年年度报告全文,BS,归属于母公司所有者权益（或股东权益）合计,2,9136201966.76,8521721412.64,,,"9,136,201,966.76 8,521,721,412.64"
2023年报,星宇股份2023年年度报告全文,BS,所有者权益（或股东权益）合计,2,9136201966.76,8521721412.64,,,"所有者权益（或股东权益）合计 9,136,201,966.76 8,521,721,412.64"
2023年报,星宇股份2023年年度报告全文,BS,负债和所有者权益（或股东权益）总计,2,14774416257.21,13236671552.01,,,"14,774,416,257.21 13,236,671,552.01"
2023年报,星宇股份2023年年度报告全文,IS,营业总收入,2,10248445761.42,8247994585.86,,,"一、营业总收入 10,248,445,761.42 8,247,994,585.86"
2023年报,星宇股份2023年年度报告全文,IS,其中：营业收入,2,10248445761.42,8247994585.86,,,"其中：营业收入 七、61 10,248,445,761.42 8,247,994,585.86"
2023年报,星宇股份2023年年度报告全文,IS,营业总成本,2,9111351406.26,7305732903.68,,,"二、营业总成本 9,111,351,406.26 7,305,732,903.68"
2023年报,星宇股份2023年年度报告全文,IS,其中：营业成本,2,8077398075.94,6386902974.22,,,"其中：营业成本 七、61 8,077,398,075.94 6,386,902,974.22"
2023年报,星宇股份2023年年度报告全文,IS,税金及附加,2,55966708.02,43473512.27,,,"税金及附加 七、62 55,966,708.02 43,473,512.27"
2023年报,星宇股份2023年年度报告全文,IS,销售费用,2,108475131.91,118905214.06,,,"销售费用 七、63 108,475,131.91 118,905,214.06"
2023年报,星宇股份2023年年度报告全文,IS,管理费用,2,271401447.09,246922725.87,,,"管理费用 七、64 271,401,447.09 246,922,725.87"
2023年报,星宇股份2023年年度报告全文,IS,研发费用,2,610244504.51,522091231.52,,,"研发费用 七、65 610,244,504.51 522,091,231.52"
2023年报,星宇股份2023年年度报告全文,IS,财务费用,2,-12134461.21,-12562754.26,,,"财务费用 七、66 -12,134,461.21 -12,562,754.26"
2023年报,星宇股份2023年年度报告全文,IS,其中：利息费用,2,1098755.22,277535.74,,,"其中：利息费用 七、66 1,098,755.22 277,535.74"
2023年报,星宇股份2023年年度报告全文,IS,利息收入,2,17932647.65,12396786.68,,,"利息收入 七、66 17,932,647.65 12,396,786.68"
2023年报,星宇股份2023年年度报告全文,IS,加：其他收益,2,118635342.03,71133363.65,,,"加：其他收益 七、67 118,635,342.03 71,133,363.65"
2023年报,星宇股份2023年年度报告全文,IS,投资收益（损失以“－”号填列）,1,-254758.37,,,,"投资收益（损失以“－”号填列） 七、68 -254,758.37"
2023年报,星宇股份2023年年度报告全文,IS,公允价值变动收益（损失以“－”号填列）,2,56388485.28,85507083.55,,,"七、70 56,388,485.28 85,507,083.55"
2023年报,星宇股份2023年年度报告全文,IS,信用减值损失（损失以“-”号填列）,2,-98501195.50,-18965183.85,,,"信用减值损失（损失以“-”号填列） 七、71 -98,501,195.50 -18,965,183.85"
2023年报,星宇股份2023年年度报告全文,IS,资产减值损失（损失以“-”号填列）,2,-13067194.12,-20963535.20,,,"资产减值损失（损失以“-”号填列） 七、72 -13,067,194.12 -20,963,535.20"
2023年报,星宇股份2023年年度报告全文,IS,资产处置收益（损失以“－”号填列）,2,-888747.13,-4989857.84,,,"资产处置收益（损失以“－”号填列） 七、73 -888,747.13 -4,989,857.84"
2023年报,星宇股份2023年年度报告全文,IS,营业利润（亏损以“－”号填列）,1,1199406287.35,,,,"三、营业利润（亏损以“－”号填列） 1,199,406,287.35"
2023年报,星宇股份2023年年度报告全文,IS,,1,1053983552.49,,,,"1,053,983,552.49"
2023年报,星宇股份2023年年度报告全文,IS,加：营业外收入,2,9420184.22,1778013.41,,,"加：营业外收入 七、74 9,420,184.22 1,778,013.41"
2023年报,星宇股份2023年年度报告全文,IS,减：营业外支出,2,5736161.00,5837958.45,,,"减：营业外支出 七、75 5,736,161.00 5,837,958.45"
2023年报,星宇股份2023年年度报告全文,IS,利润总额（亏损总额以“－”号填列）,1,1203090310.57,,,,"四、利润总额（亏损总额以“－”号填列） 1,203,090,310.57"
2023年报,星宇股份2023年年度报告全文,IS,,1,1049923607.45,,,,"1,049,923,607.45"
2023年报,星宇股份2023年年度报告全文,IS,减：所得税费用,2,100960619.38,108499350.34,,,"减：所得税费用 七、76 100,960,619.38 108,499,350.34"
2023年报,星宇股份2023年年度报告全文,IS,净利润（净亏损以“－”号填列）,2,1102129691.19,941424257.11,,,"五、净利润（净亏损以“－”号填列） 1,102,129,691.19 941,424,257.11"
2023年报,星宇股份2023年年度报告全文,IS,持续经营净利润（净亏损以“－”号填列）,2,1102129691.19,941424257.11,,,"1,102,129,691.19 941,424,257.11"
2023年报,星宇股份2023年年度报告全文,IS,归属于母公司股东的净利润（净亏损以“-”号填列）,2,1102129691.19,941424257.11,,,"1,102,129,691.19 941,424,257.11"
2023年报,星宇股份2023年年度报告全文,IS,其他综合收益的税后净额,2,44818188.83,35441117.37,,,"六、其他综合收益的税后净额 44,818,188.83 35,441,117.37"
2023年报,星宇股份2023年年度报告全文,IS,归属母公司所有者的其他综合收益的税后净额,2,44818188.83,35441117.37,,,"44,818,188.83 35,441,117.37"
2023年报,星宇股份2023年年度报告全文,IS,不能重分类进损益的其他综合收益,2,9099221.10,14655576.28,,,"1．不能重分类进损益的其他综合收益 9,099,221.10 14,655,576.28"
2023年报,星宇股份2023年年度报告全文,IS,其他权益工具投资公允价值变动,2,9099221.10,14655576.28,,,"（3）其他权益工具投资公允价值变动 9,099,221.10 14,655,576.28"
2023年报,星宇股份2023年年度报告全文,IS,将重分类进损益的其他综合收益,2,35718967.73,20785541.09,,,"2．将重分类进损益的其他综合收益 35,718,967.73 20,785,541.09"
2023年报,星宇股份2023年年度报告全文,IS,外币财务报表折算差额,2,35718967.73,20785541.09,,,"（6）外币财务报表折算差额 35,718,967.73 20,785,541.09"
2023年报,星宇股份2023年年度报告全文,IS,综合收益总额,2,1146947880.02,976865374.48,,,"七、综合收益总额 1,146,947,880.02 976,865,374.48"
2023年报,星宇股份2023年年度报告全文,IS,归属于母公司所有者的综合收益总额,2,1146947880.02,976865374.48,,,"1,146,947,880.02 976,865,374.48"
2023年报,星宇股份2023年年度报告全文,IS,基本每股收益(元/股),2,3.8677,3.2954,,,（一）基本每股收益(元/股) 3.8677 3.2954
2023年报,星宇股份2023年年度报告全文,IS,稀释每股收益(元/股),2,3.8579,3.2954,,,（二）稀释每股收益(元/股) 3.8579 3.2954
2023年报,星宇股份2023年年度报告全文,CF,销售商品、提供劳务收到的现金,2,8294871852.97,8270652890.77,,,"销售商品、提供劳务收到的现金 8,294,871,852.97 8,270,652,890.77"
2023年报,星宇股份2023年年度报告全文,CF,收到的税费返还,2,3434258.69,6634974.40,,,"收到的税费返还 3,434,258.69 6,634,974.40"
2023年报,星宇股份2023年年度报告全文,CF,收到其他与经营活动有关的现金,2,255999970.16,308862715.17,,,"收到其他与经营活动有关的现金 七、78(1) 255,999,970.16 308,862,715.17"
2023年报,星宇股份2023年年度报告全文,CF,经营活动现金流入小计,2,8554306081.82,8586150580.34,,,"经营活动现金流入小计 8,554,306,081.82 8,586,150,580.34"
2023年报,星宇股份2023年年度报告全文,CF,购买商品、接受劳务支付的现金,2,6056973848.49,5614358112.72,,,"购买商品、接受劳务支付的现金 6,056,973,848.49 5,614,358,112.72"
2023年报,星宇股份2023年年度报告全文,CF,支付给职工及为职工支付的现金,2,1113845867.42,1021075547.44,,,"支付给职工及为职工支付的现金 1,113,845,867.42 1,021,075,547.44"
2023年报,星宇股份2023年年度报告全文,CF,支付的各项税费,2,397879576.17,305870960.94,,,"支付的各项税费 397,879,576.17 305,870,960.94"
2023年报,星宇股份2023年年度报告全文,CF,支付其他与经营活动有关的现金,2,288472990.71,236488724.16,,,"支付其他与经营活动有关的现金 七、78(1) 288,472,990.71 236,488,724.16"
2023年报,星宇股份2023年年度报告全文,CF,经营活动现金流出小计,2,7857172282.79,7177793345.26,,,"经营活动现金流出小计 7,857,172,282.79 7,177,793,345.26"
2023年报,星宇股份2023年年度报告全文,CF,经营活动产生的现金流量净额,2,697133799.03,1408357235.08,,,"经营活动产生的现金流量净额 697,133,799.03 1,408,357,235.08"
2023年报,星宇股份2023年年度报告全文,CF,收回投资收到的现金,2,7915270000.00,10624319319.49,,,"收回投资收到的现金 7,915,270,000.00 10,624,319,319.49"
2023年报,星宇股份2023年年度报告全文,CF,取得投资收益收到的现金,2,66758619.00,84733932.76,,,"取得投资收益收到的现金 66,758,619.00 84,733,932.76"
2023年报,星宇股份2023年年度报告全文,CF,处置固定资产、无形资产和其他长期资产收回的现金净额,2,7882120.37,3498900.69,,,"7,882,120.37 3,498,900.69"
2023年报,星宇股份2023年年度报告全文,CF,投资活动现金流入小计,2,7989910739.37,10712552152.94,,,"投资活动现金流入小计 7,989,910,739.37 10,712,552,152.94"
2023年报,星宇股份2023年年度报告全文,CF,购建固定资产、无形资产和其他长期资产支付的现金,2,1040633804.81,955696509.38,,,"1,040,633,804.81 955,696,509.38"
2023年报,星宇股份2023年年度报告全文,CF,投资支付的现金,2,6519270000.00,10770549825.00,,,"投资支付的现金 6,519,270,000.00 10,770,549,825.00"
2023年报,星宇股份2023年年度报告全文,CF,投资活动现金流出小计,2,7559903804.81,11726246334.38,,,"投资活动现金流出小计 7,559,903,804.81 11,726,246,334.38"
2023年报,星宇股份2023年年度报告全文,CF,投资活动产生的现金流量净额,2,430006934.56,-1013694181.44,,,"投资活动产生的现金流量净额 430,006,934.56 -1,013,694,181.44"
2023年报,星宇股份2023年年度报告全文,CF,分配股利、利润或偿付利息支付的现金,2,312436522.20,314247360.90,,,"312,436,522.20 314,247,360.90"
2023年报,星宇股份2023年年度报告全文,CF,支付其他与筹资活动有关的现金,2,237935841.48,6773562.03,,,"支付其他与筹资活动有关的现金 七、78(3) 237,935,841.48 6,773,562.03"
2023年报,星宇股份2023年年度报告全文,CF,筹资活动现金流出小计,2,550372363.68,321020922.93,,,"筹资活动现金流出小计 550,372,363.68 321,020,922.93"
2023年报,星宇股份2023年年度报告全文,CF,筹资活动产生的现金流量净额,2,-550372363.68,-321020922.93,,,"筹资活动产生的现金流量净额 -550,372,363.68 -321,020,922.93"
2023年报,星宇股份2023年年度报告全文,CF,汇率变动对现金及现金等价物的影响,2,30198395.81,14333968.35,,,"30,198,395.81 14,333,968.35"
2023年报,星宇股份2023年年度报告全文,CF,现金及现金等价物净增加额,2,606966765.72,87976099.06,,,"五、现金及现金等价物净增加额 606,966,765.72 87,976,099.06"
2023年报,星宇股份2023年年度报告全文,CF,加：期初现金及现金等价物余额,2,1407872328.99,1319896229.93,,,"加：期初现金及现金等价物余额 1,407,872,328.99 1,319,896,229.93"
2023年报,星宇股份2023年年度报告全文,CF,期末现金及现金等价物余额,2,2014839094.71,1407872328.99,,,"六、期末现金及现金等价物余额 2,014,839,094.71 1,407,872,328.99"
2022年报,星宇股份2022年年度报告全文,BS,货币资金,2,1489135959.97,1401842155.22,,,"货币资金 七、1 1,489,135,959.97 1,401,842,155.22"
2022年报,星宇股份2022年年度报告全文,BS,交易性金融资产,2,2623326365.13,2531322533.83,,,"交易性金融资产 七、2 2,623,326,365.13 2,531,322,533.83"
2022年报,星宇股份2022年年度报告全文,BS,应收票据,2,1158461820.40,1185983083.70,,,"应收票据 七、4 1,158,461,820.40 1,185,983,083.70"
2022年报,星宇股份2022年年度报告全文,BS,应收账款,2,1301863322.32,1056586618.62,,,"应收账款 1,301,863,322.32 1,056,586,618.62"
2022年报,星宇股份2022年年度报告全文,BS,预付款项,2,57408615.99,30426203.78,,,"预付款项 七、7 57,408,615.99 30,426,203.78"
2022年报,星宇股份2022年年度报告全文,BS,其他应收款,2,8607987.55,8035978.23,,,"其他应收款 七、8 8,607,987.55 8,035,978.23"
2022年报,星宇股份2022年年度报告全文,BS,存货,2,2326070166.46,1969885333.91,,,"存货 七、9 2,326,070,166.46 1,969,885,333.91"
2022年报,星宇股份2022年年度报告全文,BS,其他流动资产,2,12926805.53,16280979.25,,,"其他流动资产 七、13 12,926,805.53 16,280,979.25"
2022年报,星宇股份2022年年度报告全文,BS,流动资产合计,2,8977801043.35,8200362886.54,,,"流动资产合计 8,977,801,043.35 8,200,362,886.54"
2022年报,星宇股份2022年年度报告全文,BS,其他权益工具投资,2,264054685.57,185475504.38,,,"其他权益工具投资 七、18 264,054,685.57 185,475,504.38"
2022年报,星宇股份2022年年度报告全文,BS,固定资产,2,2673456946.33,2112668390.05,,,"固定资产 七、21 2,673,456,946.33 2,112,668,390.05"
2022年报,星宇股份2022年年度报告全文,BS,在建工程,2,597389622.39,736429183.80,,,"在建工程 七、22 597,389,622.39 736,429,183.80"
2022年报,星宇股份2022年年度报告全文,BS,使用权资产,2,4097327.44,11569727.56,,,"使用权资产 七、25 4,097,327.44 11,569,727.56"
2022年报,星宇股份2022年年度报告全文,BS,无形资产,2,439726897.41,417615519.06,,,"无形资产 七、26 439,726,897.41 417,615,519.06"
2022年报,星宇股份2022年年度报告全文,BS,长期待摊费用,2,107919003.35,77614923.63,,,"长期待摊费用 七、29 107,919,003.35 77,614,923.63"
2022年报,星宇股份2022年年度报告全文,BS,递延所得税资产,2,18607953.09,16494985.89,,,"递延所得税资产 七、30 18,607,953.09 16,494,985.89"
2022年报,星宇股份2022年年度报告全文,BS,其他非流动资产,2,153618073.08,175151225.84,,,"其他非流动资产 七、31 153,618,073.08 175,151,225.84"
2022年报,星宇股份2022年年度报告全文,BS,非流动资产合计,2,4258870508.66,3733019460.21,,,"非流动资产合计 4,258,870,508.66 3,733,019,460.21"
2022年报,星宇股份2022年年度报告全文,BS,资产总计,2,13236671552.01,11933382346.75,,,"资产总计 13,236,671,552.01 11,933,382,346.75"
2022年报,星宇股份2022年年度报告全文,BS,应付票据,2,1647435226.97,1439628582.54,,,"应付票据 七、35 1,647,435,226.97 1,439,628,582.54"
2022年报,星宇股份2022年年度报告全文,BS,应付账款,2,2193242957.14,2047483999.00,,,"应付账款 七、36 2,193,242,957.14 2,047,483,999.00"
2022年报,星宇股份2022年年度报告全文,BS,合同负债,2,16745972.21,27267158.30,,,"合同负债 七、38 16,745,972.21 27,267,158.30"
2022年报,星宇股份2022年年度报告全文,BS,应付职工薪酬,2,128359293.56,113259110.75,,,"应付职工薪酬 七、39 128,359,293.56 113,259,110.75"
2022年报,星宇股份2022年年度报告全文,BS,应交税费,2,87402971.79,27278563.31,,,"应交税费 七、40 87,402,971.79 27,278,563.31"
2022年报,星宇股份2022年年度报告全文,BS,其他应付款,2,9376847.43,11048948.22,,,"其他应付款 七、41 9,376,847.43 11,048,948.22"
2022年报,星宇股份2022年年度报告全文,BS,一年内到期的非流动负债,2,3524271.25,6463909.24,,,"一年内到期的非流动负债 七、43 3,524,271.25 6,463,909.24"
2022年报,星宇股份2022年年度报告全文,BS,其他流动负债,2,30881290.89,30911997.18,,,"其他流动负债 七、44 30,881,290.89 30,911,997.18"
2022年报,星宇股份2022年年度报告全文,BS,流动负债合计,2,4116968831.24,3703342268.54,,,"流动负债合计 4,116,968,831.24 3,703,342,268.54"
2022年报,星宇股份2022年年度报告全文,BS,租赁负债,2,53947.70,3610336.00,,,"租赁负债 七、47 53,947.70 3,610,336.00"
2022年报,星宇股份2022年年度报告全文,BS,长期应付款,2,193870021.72,209191347.62,,,"长期应付款 七、48 193,870,021.72 209,191,347.62"
2022年报,星宇股份2022年年度报告全文,BS,预计负债,2,50383471.03,26055113.05,,,"预计负债 七、50 50,383,471.03 26,055,113.05"
2022年报,星宇股份2022年年度报告全文,BS,递延收益,2,325191175.15,82254928.25,,,"递延收益 七、51 325,191,175.15 82,254,928.25"
2022年报,星宇股份2022年年度报告全文,BS,递延所得税负债,2,28482692.53,49824954.23,,,"递延所得税负债 七、30 28,482,692.53 49,824,954.23"
2022年报,星宇股份2022年年度报告全文,BS,非流动负债合计,2,597981308.13,370936679.15,,,"非流动负债合计 597,981,308.13 370,936,679.15"
2022年报,星宇股份2022年年度报告全文,BS,负债合计,2,4714950139.37,4074278947.69,,,"负债合计 4,714,950,139.37 4,074,278,947.69"
2022年报,星宇股份2022年年度报告全文,BS,实收资本（或股本）,2,285679419.00,285679419.00,,,"实收资本（或股本） 七、53 285,679,419.00 285,679,419.00"
2022年报,星宇股份2022年年度报告全文,BS,资本公积,2,4176293293.63,4176293293.63,,,"资本公积 七、55 4,176,293,293.63 4,176,293,293.63"
2022年报,星宇股份2022年年度报告全文,BS,其他综合收益,2,10526091.68,-24915025.69,,,"其他综合收益 七、57 10,526,091.68 -24,915,025.69"
2022年报,星宇股份2022年年度报告全文,BS,盈余公积,2,179346065.82,179346065.82,,,"盈余公积 七、59 179,346,065.82 179,346,065.82"
2022年报,星宇股份2022年年度报告全文,BS,未分配利润,2,3869876542.51,3242699646.30,,,"未分配利润 七、60 3,869,876,542.51 3,242,699,646.30"
2022年报,星宇股份2022年年度报告全文,BS,归属于母公司所有者权益（或股东权益）合计,2,8521721412.64,7859103399.06,,,"归属于母公司所有者权益（或股东权益）合计 8,521,721,412.64 7,859,103,399.06"
2022年报,星宇股份2022年年度报告全文,BS,所有者权益（或股东权益）合计,2,8521721412.64,7859103399.06,,,"所有者权益（或股东权益）合计 8,521,721,412.64 7,859,103,399.06"
2022年报,星宇股份2022年年度报告全文,BS,负债和所有者权益（或股东权益）总计,2,13236671552.01,11933382346.75,,,"负债和所有者权益（或股东权益）总计 13,236,671,552.01 11,933,382,346.75"
2022年报,星宇股份2022年年度报告全文,IS,营业总收入,2,8247994585.86,7909449648.26,,,"一、营业总收入 七、61 8,247,994,585.86 7,909,449,648.26"
2022年报,星宇股份2022年年度报告全文,IS,其中：营业收入,2,8247994585.86,7909449648.26,,,"其中：营业收入 七、61 8,247,994,585.86 7,909,449,648.26"
2022年报,星宇股份2022年年度报告全文,IS,营业总成本,2,7305732903.68,6924595598.73,,,"二、营业总成本 七、61 7,305,732,903.68 6,924,595,598.73"
2022年报,星宇股份2022年年度报告全文,IS,其中：营业成本,2,6386902974.22,6162913577.11,,,"其中：营业成本 七、61 6,386,902,974.22 6,162,913,577.11"
2022年报,星宇股份2022年年度报告全文,IS,税金及附加,2,43473512.27,35407429.24,,,"税金及附加 七、62 43,473,512.27 35,407,429.24"
2022年报,星宇股份2022年年度报告全文,IS,销售费用,2,118905214.06,96843378.61,,,"销售费用 七、63 118,905,214.06 96,843,378.61"
2022年报,星宇股份2022年年度报告全文,IS,管理费用,2,246922725.87,218486724.28,,,"管理费用 七、64 246,922,725.87 218,486,724.28"
2022年报,星宇股份2022年年度报告全文,IS,研发费用,2,522091231.52,387746430.83,,,"研发费用 七、65 522,091,231.52 387,746,430.83"
2022年报,星宇股份2022年年度报告全文,IS,财务费用,2,-12562754.26,23198058.66,,,"财务费用 七、66 -12,562,754.26 23,198,058.66"
2022年报,星宇股份2022年年度报告全文,IS,其中：利息费用,2,277535.74,34617905.05,,,"其中：利息费用 277,535.74 34,617,905.05"
2022年报,星宇股份2022年年度报告全文,IS,利息收入,2,12396786.68,16831546.63,,,"利息收入 12,396,786.68 16,831,546.63"
2022年报,星宇股份2022年年度报告全文,IS,加：其他收益,2,71133363.65,37851127.23,,,"加：其他收益 七、67 71,133,363.65 37,851,127.23"
2022年报,星宇股份2022年年度报告全文,IS,投资收益（损失以“－”号填列）  -,1,391502.47,,,,"投资收益（损失以“－”号填列） 七、68 - 391,502.47"
2022年报,星宇股份2022年年度报告全文,IS,公允价值变动收益（损失以“－”号填列）,2,85507083.55,89636973.83,,,"公允价值变动收益（损失以“－”号填列） 七、70 85,507,083.55 89,636,973.83"
2022年报,星宇股份2022年年度报告全文,IS,信用减值损失（损失以“-”号填列）,2,-18965183.85,-12928689.18,,,"信用减值损失（损失以“-”号填列） 七、71 -18,965,183.85 -12,928,689.18"
2022年报,星宇股份2022年年度报告全文,IS,资产减值损失（损失以“-”号填列）,2,-20963535.20,-13688886.34,,,"资产减值损失（损失以“-”号填列） 七、72 -20,963,535.20 -13,688,886.34"
2022年报,星宇股份2022年年度报告全文,IS,资产处置收益（损失以“－”号填列）,2,-4989857.84,-5817834.87,,,"资产处置收益（损失以“－”号填列） 七、73 -4,989,857.84 -5,817,834.87"
2022年报,星宇股份2022年年度报告全文,IS,营业利润（亏损以“－”号填列）,2,1053983552.49,1080298242.67,,,"三、营业利润（亏损以“－”号填列） 1,053,983,552.49 1,080,298,242.67"
2022年报,星宇股份2022年年度报告全文,IS,加：营业外收入,2,1778013.41,1930926.41,,,"加：营业外收入 七、74 1,778,013.41 1,930,926.41"
2022年报,星宇股份2022年年度报告全文,IS,减：营业外支出,2,5837958.45,4050832.42,,,"减：营业外支出 七、75 5,837,958.45 4,050,832.42"
2022年报,星宇股份2022年年度报告全文,IS,利润总额（亏损总额以“－”号填列）,2,1049923607.45,1078178336.66,,,"四、利润总额（亏损总额以“－”号填列） 1,049,923,607.45 1,078,178,336.66"
2022年报,星宇股份2022年年度报告全文,IS,减：所得税费用,2,108499350.34,128662568.91,,,"减：所得税费用 七、76 108,499,350.34 128,662,568.91"
2022年报,星宇股份2022年年度报告全文,IS,净利润（净亏损以“－”号填列）,2,941424257.11,949515767.75,,,"五、净利润（净亏损以“－”号填列） 941,424,257.11 949,515,767.75"
2022年报,星宇股份2022年年度报告全文,IS,持续经营净利润（净亏损以“－”号填列）,2,941424257.11,949515767.75,,,"1.持续经营净利润（净亏损以“－”号填列） 941,424,257.11 949,515,767.75"
2022年报,星宇股份2022年年度报告全文,IS,归属于母公司股东的净利润（净亏损以“-”号填列）,2,941424257.11,949515767.75,,,"941,424,257.11 949,515,767.75"
2022年报,星宇股份2022年年度报告全文,IS,其他综合收益的税后净额,2,35441117.37,-25992965.31,,,"六、其他综合收益的税后净额 35,441,117.37 -25,992,965.31"
2022年报,星宇股份2022年年度报告全文,IS,归属母公司所有者的其他综合收益的税后净额,2,35441117.37,-25992965.31,,,"35,441,117.37 -25,992,965.31"
2022年报,星宇股份2022年年度报告全文,IS,不能重分类进损益的其他综合收益,1,14655576.28,,,,"1．不能重分类进损益的其他综合收益 14,655,576.28 -"
2022年报,星宇股份2022年年度报告全文,IS,其他权益工具投资公允价值变动,1,14655576.28,,,,"（3）其他权益工具投资公允价值变动 14,655,576.28 -"
2022年报,星宇股份2022年年度报告全文,IS,将重分类进损益的其他综合收益,2,20785541.09,-25992965.31,,,"2．将重分类进损益的其他综合收益 20,785,541.09 -25,992,965.31"
2022年报,星宇股份2022年年度报告全文,IS,外币财务报表折算差额,2,20785541.09,-25992965.31,,,"（6）外币财务报表折算差额 20,785,541.09 -25,992,965.31"
2022年报,星宇股份2022年年度报告全文,IS,综合收益总额,2,976865374.48,923449136.87,,,"七、综合收益总额 976,865,374.48 923,449,136.87"
2022年报,星宇股份2022年年度报告全文,IS,归属于母公司所有者的综合收益总额,2,976865374.48,923449136.87,,,"（一）归属于母公司所有者的综合收益总额 976,865,374.48 923,449,136.87"
2022年报,星宇股份2022年年度报告全文,IS,基本每股收益(元/股),2,3.30,3.41,,,（一）基本每股收益(元/股) 3.30 3.41
2022年报,星宇股份2022年年度报告全文,IS,稀释每股收益(元/股),2,3.30,3.41,,,（二）稀释每股收益(元/股) 3.30 3.41
2022年报,星宇股份2022年年度报告全文,CF,销售商品、提供劳务收到的现金,2,8270652890.77,7945283687.26,,,"销售商品、提供劳务收到的现金 8,270,652,890.77 7,945,283,687.26"
2022年报,星宇股份2022年年度报告全文,CF,收到的税费返还,2,6634974.40,1396016.76,,,"收到的税费返还 6,634,974.40 1,396,016.76"
2022年报,星宇股份2022年年度报告全文,CF,收到其他与经营活动有关的现金,2,308862715.17,115083305.83,,,"收到其他与经营活动有关的现金 七、78(1) 308,862,715.17 115,083,305.83"
2022年报,星宇股份2022年年度报告全文,CF,经营活动现金流入小计,2,8586150580.34,8061763009.85,,,"经营活动现金流入小计 8,586,150,580.34 8,061,763,009.85"
2022年报,星宇股份2022年年度报告全文,CF,购买商品、接受劳务支付的现金,2,5614358112.72,5884711985.25,,,"购买商品、接受劳务支付的现金 5,614,358,112.72 5,884,711,985.25"
2022年报,星宇股份2022年年度报告全文,CF,支付给职工及为职工支付的现金,2,1021075547.44,978891713.57,,,"支付给职工及为职工支付的现金 1,021,075,547.44 978,891,713.57"
2022年报,星宇股份2022年年度报告全文,CF,支付的各项税费,2,305870960.94,409781851.63,,,"支付的各项税费 305,870,960.94 409,781,851.63"
2022年报,星宇股份2022年年度报告全文,CF,支付其他与经营活动有关的现金,2,236488724.16,268802201.66,,,"支付其他与经营活动有关的现金 七、78(2) 236,488,724.16 268,802,201.66"
2022年报,星宇股份2022年年度报告全文,CF,经营活动现金流出小计,2,7177793345.26,7542187752.11,,,"经营活动现金流出小计 7,177,793,345.26 7,542,187,752.11"
2022年报,星宇股份2022年年度报告全文,CF,经营活动产生的现金流量净额,2,1408357235.08,519575257.74,,,"经营活动产生的现金流量净额 1,408,357,235.08 519,575,257.74"
2022年报,星宇股份2022年年度报告全文,CF,收回投资收到的现金,2,10624319319.49,12428440000.00,,,"收回投资收到的现金 10,624,319,319.49 12,428,440,000.00"
2022年报,星宇股份2022年年度报告全文,CF,取得投资收益收到的现金,2,84733932.76,84801492.68,,,"取得投资收益收到的现金 84,733,932.76 84,801,492.68"
2022年报,星宇股份2022年年度报告全文,CF,处置固定资产、无形资产和其他长期资产收回的现金净额,2,3498900.69,8534484.95,,,"3,498,900.69 8,534,484.95"
2022年报,星宇股份2022年年度报告全文,CF,投资活动现金流入小计,2,10712552152.94,12521775977.63,,,"投资活动现金流入小计 10,712,552,152.94 12,521,775,977.63"
2022年报,星宇股份2022年年度报告全文,CF,购建固定资产、无形资产和其他长期资产支付的现金,2,955696509.38,1265190760.63,,,"955,696,509.38 1,265,190,760.63"
2022年报,星宇股份2022年年度报告全文,CF,投资支付的现金,2,10770549825.00,12189840394.37,,,"投资支付的现金 10,770,549,825.00 12,189,840,394.37"
2022年报,星宇股份2022年年度报告全文,CF,支付其他与投资活动有关的现金   -,1,5000000.00,,,,"支付其他与投资活动有关的现金 七、78(4) - 5,000,000.00"
2022年报,星宇股份2022年年度报告全文,CF,投资活动现金流出小计,2,11726246334.38,13460031155.00,,,"投资活动现金流出小计 11,726,246,334.38 13,460,031,155.00"
2022年报,星宇股份2022年年度报告全文,CF,投资活动产生的现金流量净额,2,-1013694181.44,-938255177.37,,,"投资活动产生的现金流量净额 -1,013,694,181.44 -938,255,177.37"
2022年报,星宇股份2022年年度报告全文,CF,偿还债务支付的现金 -,1,7553768.90,,,,"偿还债务支付的现金 - 7,553,768.90"
2022年报,星宇股份2022年年度报告全文,CF,分配股利、利润或偿付利息支付的现金,2,314247360.90,359019395.79,,,"分配股利、利润或偿付利息支付的现金 314,247,360.90 359,019,395.79"
2022年报,星宇股份2022年年度报告全文,CF,支付其他与筹资活动有关的现金,2,6773562.03,10079864.80,,,"支付其他与筹资活动有关的现金 七、78(6) 6,773,562.03 10,079,864.80"
2022年报,星宇股份2022年年度报告全文,CF,筹资活动现金流出小计,2,321020922.93,376653029.49,,,"筹资活动现金流出小计 321,020,922.93 376,653,029.49"
2022年报,星宇股份2022年年度报告全文,CF,筹资活动产生的现金流量净额,2,-321020922.93,-376653029.49,,,"筹资活动产生的现金流量净额 -321,020,922.93 -376,653,029.49"
2022年报,星宇股份2022年年度报告全文,CF,汇率变动对现金及现金等价物的影响,2,14333968.35,-9079511.49,,,"四、汇率变动对现金及现金等价物的影响 14,333,968.35 -9,079,511.49"
2022年报,星宇股份2022年年度报告全文,CF,现金及现金等价物净增加额,2,87976099.06,-804412460.61,,,"五、现金及现金等价物净增加额 87,976,099.06 -804,412,460.61"
2022年报,星宇股份2022年年度报告全文,CF,加：期初现金及现金等价物余额,2,1319896229.93,2124308690.54,,,"加：期初现金及现金等价物余额 1,319,896,229.93 2,124,308,690.54"
2022年报,星宇股份2022年年度报告全文,CF,期末现金及现金等价物余额,2,1407872328.99,1319896229.93,,,"六、期末现金及现金等价物余额 1,407,872,328.99 1,319,896,229.93"
2021年报,常州星宇车灯股份有限公司2021年年度报告全文,BS,货币资金,2,1401842155.22,2168518918.44,,,"货币资金 七、1 1,401,842,155.22 2,168,518,918.44"
2021年报,常州星宇车灯股份有限公司2021年年度报告全文,BS,交易性金融资产,2,2531322533.83,2949562162.69,,,"交易性金融资产 七、2 2,531,322,533.83 2,949,562,162.69"
2021年报,常州星宇车灯股份有限公司2021年年度报告全文,BS,应收票据,2,1185983083.70,1033187838.05,,,"应收票据 七、4 1,185,983,083.70 1,033,187,838.05"
2021年报,常州星宇车灯股份有限公司2021年年度报告全文,BS,应收账款,2,1056586618.62,862083647.61,,,"应收账款 七、5 1,056,586,618.62 862,083,647.61"
2021年报,常州星宇车灯股份有限公司2021年年度报告全文,BS,预付款项,2,30426203.78,31159405.93,,,"预付款项 七、7 30,426,203.78 31,159,405.93"
2021年报,常州星宇车灯股份有限公司2021年年度报告全文,BS,其他应收款,2,8035978.23,2246631.55,,,"其他应收款 七、8 8,035,978.23 2,246,631.55"
2021年报,常州星宇车灯股份有限公司2021年年度报告全文,BS,存货,2,1969885333.91,1550036241.15,,,"存货 七、9 1,969,885,333.91 1,550,036,241.15"
2021年报,常州星宇车灯股份有限公司2021年年度报告全文,BS,其他流动资产,2,16280979.25,21796400.28,,,"其他流动资产 七、13 16,280,979.25 21,796,400.28"
2021年报,常州星宇车灯股份有限公司2021年年度报告全文,BS,流动资产合计,2,8200362886.54,8618591245.70,,,"流动资产合计 8,200,362,886.54 8,618,591,245.70"
2021年报,常州星宇车灯股份有限公司2021年年度报告全文,BS,其他权益工具投资,2,185475504.38,1000000.00,,,"其他权益工具投资 七、18 185,475,504.38 1,000,000.00"
2021年报,常州星宇车灯股份有限公司2021年年度报告全文,BS,固定资产,2,2112668390.05,1877487013.59,,,"固定资产 七、21 2,112,668,390.05 1,877,487,013.59"
2021年报,常州星宇车灯股份有限公司2021年年度报告全文,BS,在建工程,2,736429183.80,417678302.83,,,"在建工程 736,429,183.80 417,678,302.83"
2021年报,常州星宇车灯股份有限公司2021年年度报告全文,BS,使用权资产,1,11569727.56,,,,"使用权资产 七、25 11,569,727.56"
2021年报,常州星宇车灯股份有限公司2021年年度报告全文,BS,无形资产,2,417615519.06,382044213.43,,,"无形资产 七、26 417,615,519.06 382,044,213.43"
2021年报,常州星宇车灯股份有限公司2021年年度报告全文,BS,长期待摊费用,2,77614923.63,67185181.16,,,"长期待摊费用 七、29 77,614,923.63 67,185,181.16"
2021年报,常州星宇车灯股份有限公司2021年年度报告全文,BS,递延所得税资产,2,16494985.89,19400165.93,,,"递延所得税资产 七、30 16,494,985.89 19,400,165.93"
2021年报,常州星宇车灯股份有限公司2021年年度报告全文,BS,其他非流动资产,2,175151225.84,44628562.32,,,"其他非流动资产 七、31 175,151,225.84 44,628,562.32"
2021年报,常州星宇车灯股份有限公司2021年年度报告全文,BS,非流动资产合计,2,3733019460.21,2809423439.26,,,"非流动资产合计 3,733,019,460.21 2,809,423,439.26"
2021年报,常州星宇车灯股份有限公司2021年年度报告全文,BS,资产总计,2,11933382346.75,11428014684.96,,,"资产总计 11,933,382,346.75 11,428,014,684.96"
2021年报,常州星宇车灯股份有限公司2021年年度报告全文,BS,应付票据,2,1439628582.54,1420198394.22,,,"应付票据 七、35 1,439,628,582.54 1,420,198,394.22"
2021年报,常州星宇车灯股份有限公司2021年年度报告全文,BS,应付账款,2,2047483999.00,2071637233.44,,,"应付账款 七、36 2,047,483,999.00 2,071,637,233.44"
2021年报,常州星宇车灯股份有限公司2021年年度报告全文,BS,合同负债,2,27267158.30,25225229.97,,,"合同负债 七、38 27,267,158.30 25,225,229.97"
2021年报,常州星宇车灯股份有限公司2021年年度报告全文,BS,应付职工薪酬,2,113259110.75,156214385.40,,,"应付职工薪酬 七、39 113,259,110.75 156,214,385.40"
2021年报,常州星宇车灯股份有限公司2021年年度报告全文,BS,应交税费,2,27278563.31,158208559.37,,,"应交税费 七、40 27,278,563.31 158,208,559.37"
2021年报,常州星宇车灯股份有限公司2021年年度报告全文,BS,其他应付款,2,11048948.22,7258839.84,,,"其他应付款 七、41 11,048,948.22 7,258,839.84"
2021年报,常州星宇车灯股份有限公司2021年年度报告全文,BS,一年内到期的非流动负债,1,6463909.24,,,,"一年内到期的非流动负债 七、43 6,463,909.24"
2021年报,常州星宇车灯股份有限公司2021年年度报告全文,BS,其他流动负债,2,30911997.18,38545162.43,,,"其他流动负债 七、44 30,911,997.18 38,545,162.43"
2021年报,常州星宇车灯股份有限公司2021年年度报告全文,BS,流动负债合计,2,3703342268.54,3877287804.67,,,"流动负债合计 3,703,342,268.54 3,877,287,804.67"
2021年报,常州星宇车灯股份有限公司2021年年度报告全文,BS,应付债券,1,1322949123.44,,,,"应付债券 七、46 1,322,949,123.44"
2021年报,常州星宇车灯股份有限公司2021年年度报告全文,BS,租赁负债,1,3610336.00,,,,"租赁负债 七、47 3,610,336.00"
2021年报,常州星宇车灯股份有限公司2021年年度报告全文,BS,长期应付款,2,209191347.62,226637173.23,,,"长期应付款 七、48 209,191,347.62 226,637,173.23"
2021年报,常州星宇车灯股份有限公司2021年年度报告全文,BS,预计负债,2,26055113.05,30247920.73,,,"预计负债 七、50 26,055,113.05 30,247,920.73"
2021年报,常州星宇车灯股份有限公司2021年年度报告全文,BS,递延收益,2,82254928.25,12068796.53,,,"递延收益 七、51 82,254,928.25 12,068,796.53"
2021年报,常州星宇车灯股份有限公司2021年年度报告全文,BS,递延所得税负债,2,49898619.80,39407990.25,,,"递延所得税负债 七、30 49,898,619.80 39,407,990.25"
2021年报,常州星宇车灯股份有限公司2021年年度报告全文,BS,非流动负债合计,2,371010344.72,1631311004.18,,,"非流动负债合计 371,010,344.72 1,631,311,004.18"
2021年报,常州星宇车灯股份有限公司2021年年度报告全文,BS,负债合计,2,4074352613.26,5508598808.85,,,"负债合计 4,074,352,613.26 5,508,598,808.85"
2021年报,常州星宇车灯股份有限公司2021年年度报告全文,BS,实收资本（或股本）,2,285679419.00,276155232.00,,,"实收资本（或股本） 七、53 285,679,419.00 276,155,232.00"
2021年报,常州星宇车灯股份有限公司2021年年度报告全文,BS,其他权益工具,1,150841343.76,,,,"其他权益工具 七、54 150,841,343.76"
2021年报,常州星宇车灯股份有限公司2021年年度报告全文,BS,资本公积,2,4176293293.63,2659384213.12,,,"资本公积 七、55 4,176,293,293.63 2,659,384,213.12"
2021年报,常州星宇车灯股份有限公司2021年年度报告全文,BS,其他综合收益,2,-24915025.69,1077939.62,,,"其他综合收益 七、57 -24,915,025.69 1,077,939.62"
2021年报,常州星宇车灯股份有限公司2021年年度报告全文,BS,盈余公积,2,179346065.82,179346065.82,,,"盈余公积 七、59 179,346,065.82 179,346,065.82"
2021年报,常州星宇车灯股份有限公司2021年年度报告全文,BS,未分配利润,2,3242625980.73,2652611081.79,,,"未分配利润 七、60 3,242,625,980.73 2,652,611,081.79"
2021年报,常州星宇车灯股份有限公司2021年年度报告全文,BS,归属于母公司所有者权益（或股东权益）合计,2,7859029733.49,5919415876.11,,,"7,859,029,733.49 5,919,415,876.11"
2021年报,常州星宇车灯股份有限公司2021年年度报告全文,BS,所有者权益（或股东权益）合计,2,7859029733.49,5919415876.11,,,"所有者权益（或股东权益）合计 7,859,029,733.49 5,919,415,876.11"
2021年报,常州星宇车灯股份有限公司2021年年度报告全文,BS,负债和所有者权益（或股东权益）总计,2,11933382346.75,11428014684.96,,,"负债和所有者权益（或股东权益）总计 11,933,382,346.75 11,428,014,684.96"
2021年报,常州星宇车灯股份有限公司2021年年度报告全文,IS,营业总收入,2,7909449648.26,7322715089.72,,,"一、营业总收入 七、61 7,909,449,648.26 7,322,715,089.72"
2021年报,常州星宇车灯股份有限公司2021年年度报告全文,IS,其中：营业收入,2,7909449648.26,7322715089.72,,,"其中：营业收入 七、61 7,909,449,648.26 7,322,715,089.72"
2021年报,常州星宇车灯股份有限公司2021年年度报告全文,IS,营业总成本,2,6924595598.73,6025695540.78,,,"二、营业总成本 七、61 6,924,595,598.73 6,025,695,540.78"
2021年报,常州星宇车灯股份有限公司2021年年度报告全文,IS,其中：营业成本,2,6162913577.11,5418424501.75,,,"其中：营业成本 七、61 6,162,913,577.11 5,418,424,501.75"
2021年报,常州星宇车灯股份有限公司2021年年度报告全文,IS,税金及附加,2,35407429.24,42991568.22,,,"税金及附加 七、62 35,407,429.24 42,991,568.22"
2021年报,常州星宇车灯股份有限公司2021年年度报告全文,IS,销售费用,2,96843378.61,71282337.46,,,"销售费用 七、63 96,843,378.61 71,282,337.46"
2021年报,常州星宇车灯股份有限公司2021年年度报告全文,IS,管理费用,2,218486724.28,188966478.29,,,"管理费用 七、64 218,486,724.28 188,966,478.29"
2021年报,常州星宇车灯股份有限公司2021年年度报告全文,IS,研发费用,2,387746430.83,308582969.29,,,"研发费用 七、65 387,746,430.83 308,582,969.29"
2021年报,常州星宇车灯股份有限公司2021年年度报告全文,IS,财务费用,2,23198058.66,-4552314.23,,,"财务费用 七、66 23,198,058.66 -4,552,314.23"
2021年报,常州星宇车灯股份有限公司2021年年度报告全文,IS,其中：利息费用,2,34617905.05,14129171.96,,,"其中：利息费用 34,617,905.05 14,129,171.96"
2021年报,常州星宇车灯股份有限公司2021年年度报告全文,IS,利息收入,2,16831546.63,20010694.11,,,"利息收入 16,831,546.63 20,010,694.11"
2021年报,常州星宇车灯股份有限公司2021年年度报告全文,IS,加：其他收益,2,37851127.23,38326404.34,,,"加：其他收益 七、67 37,851,127.23 38,326,404.34"
2021年报,常州星宇车灯股份有限公司2021年年度报告全文,IS,投资收益（损失以“－”号填列）,1,391502.47,,,,"投资收益（损失以“－”号填列） 七、68 391,502.47"
2021年报,常州星宇车灯股份有限公司2021年年度报告全文,IS,公允价值变动收益（损失以“－”号填列）,2,89636973.83,59573869.67,,,"公允价值变动收益（损失以“－”号填列） 七、70 89,636,973.83 59,573,869.67"
2021年报,常州星宇车灯股份有限公司2021年年度报告全文,IS,信用减值损失（损失以“-”号填列）,2,-12928689.18,-2741400.54,,,"信用减值损失（损失以“-”号填列） 七、71 -12,928,689.18 -2,741,400.54"
2021年报,常州星宇车灯股份有限公司2021年年度报告全文,IS,资产减值损失（损失以“-”号填列）,2,-13688886.34,-21747664.79,,,"资产减值损失（损失以“-”号填列） 七、72 -13,688,886.34 -21,747,664.79"
2021年报,常州星宇车灯股份有限公司2021年年度报告全文,IS,资产处置收益（损失以“－”号填列）,2,-5817834.87,-3454866.18,,,"资产处置收益（损失以“－”号填列） 七、73 -5,817,834.87 -3,454,866.18"
2021年报,常州星宇车灯股份有限公司2021年年度报告全文,IS,营业利润（亏损以“－”号填列）,2,1080298242.67,1366975891.44,,,"三、营业利润（亏损以“－”号填列） 1,080,298,242.67 1,366,975,891.44"
2021年报,常州星宇车灯股份有限公司2021年年度报告全文,IS,加：营业外收入,2,1930926.41,1190270.31,,,"加：营业外收入 七、74 1,930,926.41 1,190,270.31"
2021年报,常州星宇车灯股份有限公司2021年年度报告全文,IS,减：营业外支出,2,4050832.42,3332618.94,,,"减：营业外支出 七、75 4,050,832.42 3,332,618.94"
2021年报,常州星宇车灯股份有限公司2021年年度报告全文,IS,利润总额（亏损总额以“－”号填列）,2,1078178336.66,1364833542.81,,,"四、利润总额（亏损总额以“－”号填列） 1,078,178,336.66 1,364,833,542.81"
2021年报,常州星宇车灯股份有限公司2021年年度报告全文,IS,减：所得税费用,2,128736234.48,205297910.26,,,"减：所得税费用 七、76 128,736,234.48 205,297,910.26"
2021年报,常州星宇车灯股份有限公司2021年年度报告全文,IS,净利润（净亏损以“－”号填列）,2,949442102.18,1159535632.55,,,"五、净利润（净亏损以“－”号填列） 949,442,102.18 1,159,535,632.55"
2021年报,常州星宇车灯股份有限公司2021年年度报告全文,IS,持续经营净利润（净亏损以“－”号填列）,2,949442102.18,1159535632.55,,,"1.持续经营净利润（净亏损以“－”号填列） 949,442,102.18 1,159,535,632.55"
2021年报,常州星宇车灯股份有限公司2021年年度报告全文,IS,归属于母公司股东的净利润（净亏损以“-”号填列）,2,949442102.18,1159535632.55,,,"949,442,102.18 1,159,535,632.55"
2021年报,常州星宇车灯股份有限公司2021年年度报告全文,IS,其他综合收益的税后净额,2,-25992965.31,-65745.06,,,"六、其他综合收益的税后净额 -25,992,965.31 -65,745.06"
2021年报,常州星宇车灯股份有限公司2021年年度报告全文,IS,归属母公司所有者的其他综合收益的税后净额,2,-25992965.31,-65745.06,,,"-25,992,965.31 -65,745.06"
2021年报,常州星宇车灯股份有限公司2021年年度报告全文,IS,将重分类进损益的其他综合收益,2,-25992965.31,-65745.06,,,"2．将重分类进损益的其他综合收益 七、77 -25,992,965.31 -65,745.06"
2021年报,常州星宇车灯股份有限公司2021年年度报告全文,IS,外币财务报表折算差额,2,-25992965.31,-65745.06,,,"（6）外币财务报表折算差额 七、77 -25,992,965.31 -65,745.06"
2021年报,常州星宇车灯股份有限公司2021年年度报告全文,IS,综合收益总额,2,923449136.87,1159469887.49,,,"七、综合收益总额 923,449,136.87 1,159,469,887.49"
2021年报,常州星宇车灯股份有限公司2021年年度报告全文,IS,归属于母公司所有者的综合收益总额,2,923449136.87,1159469887.49,,,"（一）归属于母公司所有者的综合收益总额 923,449,136.87 1,159,469,887.49"
2021年报,常州星宇车灯股份有限公司2021年年度报告全文,IS,基本每股收益(元/股),2,3.4087,4.1989,,,（一）基本每股收益(元/股) 3.4087 4.1989
2021年报,常州星宇车灯股份有限公司2021年年度报告全文,IS,稀释每股收益(元/股),2,3.4087,4.1989,,,（二）稀释每股收益(元/股) 3.4087 4.1989
2021年报,常州星宇车灯股份有限公司2021年年度报告全文,CF,销售商品、提供劳务收到的现金,2,7945283687.26,8070259159.18,,,"销售商品、提供劳务收到的现金 7,945,283,687.26 8,070,259,159.18"
2021年报,常州星宇车灯股份有限公司2021年年度报告全文,CF,收到的税费返还,2,1396016.76,3590690.91,,,"收到的税费返还 1,396,016.76 3,590,690.91"
2021年报,常州星宇车灯股份有限公司2021年年度报告全文,CF,收到其他与经营活动有关的现金,2,115083305.83,82059160.34,,,"收到其他与经营活动有关的现金 七、78(1) 115,083,305.83 82,059,160.34"
2021年报,常州星宇车灯股份有限公司2021年年度报告全文,CF,经营活动现金流入小计,2,8061763009.85,8155909010.43,,,"经营活动现金流入小计 8,061,763,009.85 8,155,909,010.43"
2021年报,常州星宇车灯股份有限公司2021年年度报告全文,CF,购买商品、接受劳务支付的现金,2,5884711985.25,4965152318.57,,,"购买商品、接受劳务支付的现金 5,884,711,985.25 4,965,152,318.57"
2021年报,常州星宇车灯股份有限公司2021年年度报告全文,CF,支付给职工及为职工支付的现金,2,978891713.57,604849370.49,,,"支付给职工及为职工支付的现金 978,891,713.57 604,849,370.49"
2021年报,常州星宇车灯股份有限公司2021年年度报告全文,CF,支付的各项税费,2,409781851.63,404352234.10,,,"支付的各项税费 409,781,851.63 404,352,234.10"
2021年报,常州星宇车灯股份有限公司2021年年度报告全文,CF,支付其他与经营活动有关的现金,2,268802201.66,306117219.99,,,"支付其他与经营活动有关的现金 七、78(2) 268,802,201.66 306,117,219.99"
2021年报,常州星宇车灯股份有限公司2021年年度报告全文,CF,经营活动现金流出小计,2,7542187752.11,6280471143.15,,,"经营活动现金流出小计 7,542,187,752.11 6,280,471,143.15"
2021年报,常州星宇车灯股份有限公司2021年年度报告全文,CF,经营活动产生的现金流量净额,2,519575257.74,1875437867.28,,,"经营活动产生的现金流量净额 519,575,257.74 1,875,437,867.28"
2021年报,常州星宇车灯股份有限公司2021年年度报告全文,CF,收回投资收到的现金,2,12428440000.00,7854098931.48,,,"收回投资收到的现金 12,428,440,000.00 7,854,098,931.48"
2021年报,常州星宇车灯股份有限公司2021年年度报告全文,CF,取得投资收益收到的现金,2,84801492.68,64544046.27,,,"取得投资收益收到的现金 84,801,492.68 64,544,046.27"
2021年报,常州星宇车灯股份有限公司2021年年度报告全文,CF,处置固定资产、无形资产和其他长期资产收回的现金净额,2,8534484.95,3389451.43,,,"8,534,484.95 3,389,451.43"
2021年报,常州星宇车灯股份有限公司2021年年度报告全文,CF,投资活动现金流入小计,2,12521775977.63,7922032429.18,,,"投资活动现金流入小计 12,521,775,977.63 7,922,032,429.18"
2021年报,常州星宇车灯股份有限公司2021年年度报告全文,CF,购建固定资产、无形资产和其他长期资产支付的现金,2,1265190760.63,795170219.79,,,"1,265,190,760.63 795,170,219.79"
2021年报,常州星宇车灯股份有限公司2021年年度报告全文,CF,投资支付的现金,2,12189840394.37,9036000000.00,,,"投资支付的现金 12,189,840,394.37 9,036,000,000.00"
2021年报,常州星宇车灯股份有限公司2021年年度报告全文,CF,支付其他与投资活动有关的现金,1,5000000.00,,,,"支付其他与投资活动有关的现金 七、78(4) 5,000,000.00"
2021年报,常州星宇车灯股份有限公司2021年年度报告全文,CF,投资活动现金流出小计,2,13460031155.00,9831170219.79,,,"投资活动现金流出小计 13,460,031,155.00 9,831,170,219.79"
2021年报,常州星宇车灯股份有限公司2021年年度报告全文,CF,投资活动产生的现金流量净额,2,-938255177.37,-1909137790.61,,,"投资活动产生的现金流量净额 -938,255,177.37 -1,909,137,790.61"
2021年报,常州星宇车灯股份有限公司2021年年度报告全文,CF,收到其他与筹资活动有关的现金,1,1492452830.19,,,,"收到其他与筹资活动有关的现金 七、78(5) 1,492,452,830.19"
2021年报,常州星宇车灯股份有限公司2021年年度报告全文,CF,筹资活动现金流入小计,1,1492452830.19,,,,"筹资活动现金流入小计 1,492,452,830.19"
2021年报,常州星宇车灯股份有限公司2021年年度报告全文,CF,偿还债务支付的现金,2,7553768.90,211000000.00,,,"偿还债务支付的现金 7,553,768.90 211,000,000.00"
2021年报,常州星宇车灯股份有限公司2021年年度报告全文,CF,分配股利、利润或偿付利息支付的现金,2,359019395.79,280718843.11,,,"分配股利、利润或偿付利息支付的现金 359,019,395.79 280,718,843.11"
2021年报,常州星宇车灯股份有限公司2021年年度报告全文,CF,支付其他与筹资活动有关的现金,2,10079864.80,1612264.14,,,"支付其他与筹资活动有关的现金 七、78(6) 10,079,864.80 1,612,264.14"
2021年报,常州星宇车灯股份有限公司2021年年度报告全文,CF,筹资活动现金流出小计,2,376653029.49,493331107.25,,,"筹资活动现金流出小计 376,653,029.49 493,331,107.25"
2021年报,常州星宇车灯股份有限公司2021年年度报告全文,CF,筹资活动产生的现金流量净额,2,-376653029.49,999121722.94,,,"筹资活动产生的现金流量净额 -376,653,029.49 999,121,722.94"
2021年报,常州星宇车灯股份有限公司2021年年度报告全文,CF,汇率变动对现金及现金等价物的影响,2,-9079511.49,293625.13,,,"四、汇率变动对现金及现金等价物的影响 -9,079,511.49 293,625.13"
2021年报,常州星宇车灯股份有限公司2021年年度报告全文,CF,现金及现金等价物净增加额,2,-804412460.61,965715424.74,,,"五、现金及现金等价物净增加额 -804,412,460.61 965,715,424.74"
2021年报,常州星宇车灯股份有限公司2021年年度报告全文,CF,加：期初现金及现金等价物余额,2,2124308690.54,1158593265.80,,,"加：期初现金及现金等价物余额 2,124,308,690.54 1,158,593,265.80"
2021年报,常州星宇车灯股份有限公司2021年年度报告全文,CF,期末现金及现金等价物余额,2,1319896229.93,2124308690.54,,,"六、期末现金及现金等价物余额 1,319,896,229.93 2,124,308,690.54"
2020年报,星宇股份2020年年度报告全文,BS,货币资金,2,2168518918.44,1256763100.71,,,"货币资金 七、1 2,168,518,918.44 1,256,763,100.71"
2020年报,星宇股份2020年年度报告全文,BS,交易性金融资产,2,2949562162.69,1772631270.77,,,"交易性金融资产 七、2 2,949,562,162.69 1,772,631,270.77"
2020年报,星宇股份2020年年度报告全文,BS,应收票据,2,1033187838.05,792450098.18,,,"应收票据 七、4 1,033,187,838.05 792,450,098.18"
2020年报,星宇股份2020年年度报告全文,BS,应收账款,2,862083647.61,909684702.14,,,"应收账款 七、5 862,083,647.61 909,684,702.14"
2020年报,星宇股份2020年年度报告全文,BS,预付款项,2,31159405.93,72885030.39,,,"预付款项 七、7 31,159,405.93 72,885,030.39"
2020年报,星宇股份2020年年度报告全文,BS,其他应收款,2,2246631.55,3270394.77,,,"其他应收款 七、8 2,246,631.55 3,270,394.77"
2020年报,星宇股份2020年年度报告全文,BS,存货,2,1550036241.15,1503821450.92,,,"存货 七、9 1,550,036,241.15 1,503,821,450.92"
2020年报,星宇股份2020年年度报告全文,BS,其他流动资产,2,21796400.28,29471391.65,,,"其他流动资产 七、13 21,796,400.28 29,471,391.65"
2020年报,星宇股份2020年年度报告全文,BS,流动资产合计,2,8618591245.70,6340977439.53,,,"流动资产合计 8,618,591,245.70 6,340,977,439.53"
2020年报,星宇股份2020年年度报告全文,BS,其他权益工具投资,2,1000000.00,1000000.00,,,"其他权益工具投资 七、18 1,000,000.00 1,000,000.00"
2020年报,星宇股份2020年年度报告全文,BS,固定资产,2,1877487013.59,1213579182.38,,,"固定资产 七、21 1,877,487,013.59 1,213,579,182.38"
2020年报,星宇股份2020年年度报告全文,BS,在建工程,2,417678302.83,510367119.64,,,"在建工程 七、22 417,678,302.83 510,367,119.64"
2020年报,星宇股份2020年年度报告全文,BS,无形资产,2,382044213.43,386104565.43,,,"无形资产 七、26 382,044,213.43 386,104,565.43"
2020年报,星宇股份2020年年度报告全文,BS,长期待摊费用,2,67185181.16,81238954.18,,,"长期待摊费用 七、29 67,185,181.16 81,238,954.18"
2020年报,星宇股份2020年年度报告全文,BS,递延所得税资产,2,19400165.93,20977314.11,,,"递延所得税资产 七、30 19,400,165.93 20,977,314.11"
2020年报,星宇股份2020年年度报告全文,BS,其他非流动资产,1,44628562.32,,,,"其他非流动资产 七、31 44,628,562.32"
2020年报,星宇股份2020年年度报告全文,BS,非流动资产合计,2,2809423439.26,2213267135.74,,,"非流动资产合计 2,809,423,439.26 2,213,267,135.74"
2020年报,星宇股份2020年年度报告全文,BS,资产总计,2,11428014684.96,8554244575.27,,,"资产总计 11,428,014,684.96 8,554,244,575.27"
2020年报,星宇股份2020年年度报告全文,BS,短期借款,1,211239250.00,,,,"短期借款 七、32 211,239,250.00"
2020年报,星宇股份2020年年度报告全文,BS,应付票据,2,1420198394.22,1176755686.97,,,"应付票据 七、35 1,420,198,394.22 1,176,755,686.97"
2020年报,星宇股份2020年年度报告全文,BS,应付账款,2,2071637233.44,1851628598.75,,,"应付账款 七、36 2,071,637,233.44 1,851,628,598.75"
2020年报,星宇股份2020年年度报告全文,BS,预收款项,1,1925642.93,,,,"预收款项 七、37 1,925,642.93"
2020年报,星宇股份2020年年度报告全文,BS,合同负债,1,25225229.97,,,,"合同负债 七、38 25,225,229.97"
2020年报,星宇股份2020年年度报告全文,BS,应付职工薪酬,2,156214385.40,78801961.46,,,"应付职工薪酬 七、39 156,214,385.40 78,801,961.46"
2020年报,星宇股份2020年年度报告全文,BS,应交税费,2,158208559.37,69244489.99,,,"应交税费 七、40 158,208,559.37 69,244,489.99"
2020年报,星宇股份2020年年度报告全文,BS,其他应付款,2,7258839.84,5609990.16,,,"其他应付款 七、41 7,258,839.84 5,609,990.16"
2020年报,星宇股份2020年年度报告全文,BS,其他流动负债,2,38545162.43,24453278.62,,,"其他流动负债 七、44 38,545,162.43 24,453,278.62"
2020年报,星宇股份2020年年度报告全文,BS,流动负债合计,2,3877287804.67,3419658898.88,,,"流动负债合计 3,877,287,804.67 3,419,658,898.88"
2020年报,星宇股份2020年年度报告全文,BS,应付债券,1,1322949123.44,,,,"应付债券 七、46 1,322,949,123.44"
2020年报,星宇股份2020年年度报告全文,BS,长期应付款,2,226637173.23,217642998.89,,,"长期应付款 七、48 226,637,173.23 217,642,998.89"
2020年报,星宇股份2020年年度报告全文,BS,预计负债,2,30247920.73,12297039.88,,,"预计负债 七、50 30,247,920.73 12,297,039.88"
2020年报,星宇股份2020年年度报告全文,BS,递延收益,1,12068796.53,,,,"递延收益 七、51 12,068,796.53"
2020年报,星宇股份2020年年度报告全文,BS,递延所得税负债,2,39407990.25,19385760.76,,,"递延所得税负债 七、30 39,407,990.25 19,385,760.76"
2020年报,星宇股份2020年年度报告全文,BS,非流动负债合计,2,1631311004.18,249325799.53,,,"非流动负债合计 1,631,311,004.18 249,325,799.53"
2020年报,星宇股份2020年年度报告全文,BS,负债合计,2,5508598808.85,3668984698.41,,,"负债合计 5,508,598,808.85 3,668,984,698.41"
2020年报,星宇股份2020年年度报告全文,BS,实收资本（或股本）,2,276155232.00,276155232.00,,,"实收资本（或股本） 七、53 276,155,232.00 276,155,232.00"
2020年报,星宇股份2020年年度报告全文,BS,其他权益工具,1,150841343.76,,,,"其他权益工具 七、54 150,841,343.76"
2020年报,星宇股份2020年年度报告全文,BS,资本公积,2,2659384213.12,2659384213.12,,,"资本公积 七、55 2,659,384,213.12 2,659,384,213.12"
2020年报,星宇股份2020年年度报告全文,BS,其他综合收益,2,1077939.62,1143684.68,,,"其他综合收益 七、57 1,077,939.62 1,143,684.68"
2020年报,星宇股份2020年年度报告全文,BS,盈余公积,2,179346065.82,179346065.82,,,"盈余公积 七、59 179,346,065.82 179,346,065.82"
2020年报,星宇股份2020年年度报告全文,BS,未分配利润,2,2652611081.79,1769230681.24,,,"未分配利润 七、60 2,652,611,081.79 1,769,230,681.24"
2020年报,星宇股份2020年年度报告全文,BS,归属于母公司所有者权益（或股东权益）合计,2,5919415876.11,4885259876.86,,,"5,919,415,876.11 4,885,259,876.86"
2020年报,星宇股份2020年年度报告全文,BS,所有者权益（或股东权益）合计,2,5919415876.11,4885259876.86,,,"所有者权益（或股东权益）合计 5,919,415,876.11 4,885,259,876.86"
2020年报,星宇股份2020年年度报告全文,BS,负债和所有者权益（或股东权益）总计,2,11428014684.96,8554244575.27,,,"负债和所有者权益（或股东权益）总计 11,428,014,684.96 8,554,244,575.27"
2020年报,星宇股份2020年年度报告全文,IS,营业总收入,2,7322715089.72,6091798416.53,,,"一、营业总收入 七、61 7,322,715,089.72 6,091,798,416.53"
2020年报,星宇股份2020年年度报告全文,IS,其中：营业收入,2,7322715089.72,6091798416.53,,,"其中：营业收入 七、61 7,322,715,089.72 6,091,798,416.53"
2020年报,星宇股份2020年年度报告全文,IS,营业总成本,2,6025695540.78,5189609914.94,,,"二、营业总成本 七、61 6,025,695,540.78 5,189,609,914.94"
2020年报,星宇股份2020年年度报告全文,IS,其中：营业成本,2,5323755014.58,4627673539.15,,,"其中：营业成本 七、61 5,323,755,014.58 4,627,673,539.15"
2020年报,星宇股份2020年年度报告全文,IS,税金及附加,2,42991568.22,33064207.69,,,"税金及附加 七、62 42,991,568.22 33,064,207.69"
2020年报,星宇股份2020年年度报告全文,IS,销售费用,2,165951824.63,139762325.29,,,"销售费用 七、63 165,951,824.63 139,762,325.29"
2020年报,星宇股份2020年年度报告全文,IS,管理费用,2,188966478.29,155009762.98,,,"管理费用 七、64 188,966,478.29 155,009,762.98"
2020年报,星宇股份2020年年度报告全文,IS,研发费用,2,308582969.29,230009872.03,,,"研发费用 七、65 308,582,969.29 230,009,872.03"
2020年报,星宇股份2020年年度报告全文,IS,财务费用,2,-4552314.23,4090207.80,,,"财务费用 七、66 -4,552,314.23 4,090,207.80"
2020年报,星宇股份2020年年度报告全文,IS,其中：利息费用,2,14129171.96,16551242.28,,,"其中：利息费用 14,129,171.96 16,551,242.28"
2020年报,星宇股份2020年年度报告全文,IS,利息收入,2,20010694.11,14822209.13,,,"利息收入 20,010,694.11 14,822,209.13"
2020年报,星宇股份2020年年度报告全文,IS,加：其他收益,2,38326404.34,18933363.47,,,"加：其他收益 七、67 38,326,404.34 18,933,363.47"
2020年报,星宇股份2020年年度报告全文,IS,投资收益（损失以“－”号填列）,1,2046225.00,,,,"投资收益（损失以“－”号填列） 七、68 2,046,225.00"
2020年报,星宇股份2020年年度报告全文,IS,公允价值变动收益（损失以“－”号填列）,2,59573869.67,76046576.75,,,"公允价值变动收益（损失以“－”号填列） 七、70 59,573,869.67 76,046,576.75"
2020年报,星宇股份2020年年度报告全文,IS,信用减值损失（损失以“-”号填列）,2,-2741400.54,-41199861.46,,,"信用减值损失（损失以“-”号填列） 七、71 -2,741,400.54 -41,199,861.46"
2020年报,星宇股份2020年年度报告全文,IS,资产减值损失（损失以“-”号填列）,2,-21747664.79,-7822449.79,,,"资产减值损失（损失以“-”号填列） 七、72 -21,747,664.79 -7,822,449.79"
2020年报,星宇股份2020年年度报告全文,IS,资产处置收益（损失以“－”号填列）,2,-3454866.18,-2158737.14,,,"资产处置收益（损失以“－”号填列） 七、73 -3,454,866.18 -2,158,737.14"
2020年报,星宇股份2020年年度报告全文,IS,营业利润（亏损以“－”号填列）,2,1366975891.44,948033618.42,,,"三、营业利润（亏损以“－”号填列） 1,366,975,891.44 948,033,618.42"
2020年报,星宇股份2020年年度报告全文,IS,加：营业外收入,2,1190270.31,5823886.60,,,"加：营业外收入 七、74 1,190,270.31 5,823,886.60"
2020年报,星宇股份2020年年度报告全文,IS,减：营业外支出,2,3332618.94,5546531.90,,,"减：营业外支出 七、75 3,332,618.94 5,546,531.90"
2020年报,星宇股份2020年年度报告全文,IS,利润总额（亏损总额以“－”号填列）,2,1364833542.81,948310973.12,,,"四、利润总额（亏损总额以“－”号填列） 1,364,833,542.81 948,310,973.12"
2020年报,星宇股份2020年年度报告全文,IS,减：所得税费用,2,205297910.26,158780698.82,,,"减：所得税费用 七、76 205,297,910.26 158,780,698.82"
2020年报,星宇股份2020年年度报告全文,IS,净利润（净亏损以“－”号填列）,2,1159535632.55,789530274.30,,,"五、净利润（净亏损以“－”号填列） 1,159,535,632.55 789,530,274.30"
2020年报,星宇股份2020年年度报告全文,IS,持续经营净利润（净亏损以“－”号填列）,2,1159535632.55,789530274.30,,,"1.持续经营净利润（净亏损以“－”号填列） 1,159,535,632.55 789,530,274.30"
2020年报,星宇股份2020年年度报告全文,IS,归属于母公司股东的净利润（净亏损以“-”号填列）,2,1159535632.55,789911876.84,,,"1,159,535,632.55 789,911,876.84"
2020年报,星宇股份2020年年度报告全文,IS,少数股东损益（净亏损以“-”号填列）,1,-381602.54,,,,"2.少数股东损益（净亏损以“-”号填列） -381,602.54"
2020年报,星宇股份2020年年度报告全文,IS,其他综合收益的税后净额,2,-65745.06,223764.52,,,"六、其他综合收益的税后净额 七、77 -65,745.06 223,764.52"
2020年报,星宇股份2020年年度报告全文,IS,归属母公司所有者的其他综合收益的税后净额,2,-65745.06,255010.75,,,"-65,745.06 255,010.75"
2020年报,星宇股份2020年年度报告全文,IS,将重分类进损益的其他综合收益,2,-65745.06,255010.75,,,"2．将重分类进损益的其他综合收益 -65,745.06 255,010.75"
2020年报,星宇股份2020年年度报告全文,IS,外币财务报表折算差额,2,-65745.06,255010.75,,,"（6）外币财务报表折算差额 -65,745.06 255,010.75"
2020年报,星宇股份2020年年度报告全文,IS,归属于少数股东的其他综合收益的税后净额,1,-31246.23,,,,"-31,246.23"
2020年报,星宇股份2020年年度报告全文,IS,综合收益总额,2,1159469887.49,789754038.82,,,"七、综合收益总额 1,159,469,887.49 789,754,038.82"
2020年报,星宇股份2020年年度报告全文,IS,归属于母公司所有者的综合收益总额,2,1159469887.49,790166887.59,,,"（一）归属于母公司所有者的综合收益总额 1,159,469,887.49 790,166,887.59"
2020年报,星宇股份2020年年度报告全文,IS,归属于少数股东的综合收益总额,1,-412848.77,,,,"（二）归属于少数股东的综合收益总额 -412,848.77"
2020年报,星宇股份2020年年度报告全文,IS,基本每股收益(元/股),2,4.1989,2.8604,,,（一）基本每股收益(元/股) 4.1989 2.8604
2020年报,星宇股份2020年年度报告全文,IS,稀释每股收益(元/股),2,4.1989,2.8604,,,（二）稀释每股收益(元/股) 4.1989 2.8604
2020年报,星宇股份2020年年度报告全文,CF,销售商品、提供劳务收到的现金,2,8070259159.18,5718840586.50,,,"销售商品、提供劳务收到的现金 8,070,259,159.18 5,718,840,586.50"
2020年报,星宇股份2020年年度报告全文,CF,收到的税费返还,2,3590690.91,5289277.67,,,"收到的税费返还 3,590,690.91 5,289,277.67"
2020年报,星宇股份2020年年度报告全文,CF,收到其他与经营活动有关的现金,2,82059160.34,91445362.55,,,"收到其他与经营活动有关的现金 七、78(1) 82,059,160.34 91,445,362.55"
2020年报,星宇股份2020年年度报告全文,CF,经营活动现金流入小计,2,8155909010.43,5815575226.72,,,"经营活动现金流入小计 8,155,909,010.43 5,815,575,226.72"
2020年报,星宇股份2020年年度报告全文,CF,购买商品、接受劳务支付的现金,2,4965152318.57,3598455032.64,,,"购买商品、接受劳务支付的现金 4,965,152,318.57 3,598,455,032.64"
2020年报,星宇股份2020年年度报告全文,CF,支付给职工及为职工支付的现金,2,604849370.49,561906996.28,,,"支付给职工及为职工支付的现金 604,849,370.49 561,906,996.28"
2020年报,星宇股份2020年年度报告全文,CF,支付的各项税费,2,404352234.10,316497413.56,,,"支付的各项税费 404,352,234.10 316,497,413.56"
2020年报,星宇股份2020年年度报告全文,CF,支付其他与经营活动有关的现金,2,306117219.99,258714246.27,,,"支付其他与经营活动有关的现金 七、78(2) 306,117,219.99 258,714,246.27"
2020年报,星宇股份2020年年度报告全文,CF,经营活动现金流出小计,2,6280471143.15,4735573688.75,,,"经营活动现金流出小计 6,280,471,143.15 4,735,573,688.75"
2020年报,星宇股份2020年年度报告全文,CF,经营活动产生的现金流量净额,2,1875437867.28,1080001537.97,,,"经营活动产生的现金流量净额 1,875,437,867.28 1,080,001,537.97"
2020年报,星宇股份2020年年度报告全文,CF,收回投资收到的现金,2,7854098931.48,7401000000.00,,,"收回投资收到的现金 7,854,098,931.48 7,401,000,000.00"
2020年报,星宇股份2020年年度报告全文,CF,取得投资收益收到的现金,2,64544046.27,89728583.45,,,"取得投资收益收到的现金 64,544,046.27 89,728,583.45"
2020年报,星宇股份2020年年度报告全文,CF,处置固定资产、无形资产和其他长期资产收回的现金净额,2,3389451.43,3332364.94,,,"3,389,451.43 3,332,364.94"
2020年报,星宇股份2020年年度报告全文,CF,投资活动现金流入小计,2,7922032429.18,7494060948.39,,,"投资活动现金流入小计 7,922,032,429.18 7,494,060,948.39"
2020年报,星宇股份2020年年度报告全文,CF,购建固定资产、无形资产和其他长期资产支付的现金,2,795170219.79,817549082.23,,,"795,170,219.79 817,549,082.23"
2020年报,星宇股份2020年年度报告全文,CF,投资支付的现金,2,9036000000.00,6880137439.21,,,"投资支付的现金 9,036,000,000.00 6,880,137,439.21"
2020年报,星宇股份2020年年度报告全文,CF,投资活动现金流出小计,2,9831170219.79,7697686521.44,,,"投资活动现金流出小计 9,831,170,219.79 7,697,686,521.44"
2020年报,星宇股份2020年年度报告全文,CF,投资活动产生的现金流量净额,2,-1909137790.61,-203625573.05,,,"投资活动产生的现金流量净额 -1,909,137,790.61 -203,625,573.05"
2020年报,星宇股份2020年年度报告全文,CF,取得借款收到的现金,1,411000000.00,,,,"取得借款收到的现金 411,000,000.00"
2020年报,星宇股份2020年年度报告全文,CF,收到其他与筹资活动有关的现金,1,1492452830.19,,,,"收到其他与筹资活动有关的现金 七、78(5) 1,492,452,830.19"
2020年报,星宇股份2020年年度报告全文,CF,筹资活动现金流入小计,2,1492452830.19,411000000.00,,,"筹资活动现金流入小计 1,492,452,830.19 411,000,000.00"
2020年报,星宇股份2020年年度报告全文,CF,偿还债务支付的现金,2,211000000.00,500000000.00,,,"偿还债务支付的现金 211,000,000.00 500,000,000.00"
2020年报,星宇股份2020年年度报告全文,CF,分配股利、利润或偿付利息支付的现金,2,280718843.11,288763679.71,,,"分配股利、利润或偿付利息支付的现金 280,718,843.11 288,763,679.71"
2020年报,星宇股份2020年年度报告全文,CF,支付其他与筹资活动有关的现金,2,1612264.14,268205.19,,,"支付其他与筹资活动有关的现金 七、78(6) 1,612,264.14 268,205.19"
2020年报,星宇股份2020年年度报告全文,CF,筹资活动现金流出小计,2,493331107.25,789031884.90,,,"筹资活动现金流出小计 493,331,107.25 789,031,884.90"
2020年报,星宇股份2020年年度报告全文,CF,筹资活动产生的现金流量净额,2,999121722.94,-378031884.90,,,"筹资活动产生的现金流量净额 999,121,722.94 -378,031,884.90"
2020年报,星宇股份2020年年度报告全文,CF,汇率变动对现金及现金等价物的影响,2,293625.13,-469.70,,,"四、汇率变动对现金及现金等价物的影响 293,625.13 -469.70"
2020年报,星宇股份2020年年度报告全文,CF,现金及现金等价物净增加额,2,965715424.74,498343610.32,,,"五、现金及现金等价物净增加额 965,715,424.74 498,343,610.32"
2020年报,星宇股份2020年年度报告全文,CF,加：期初现金及现金等价物余额,2,1158593265.80,660249655.48,,,"加：期初现金及现金等价物余额 1,158,593,265.80 660,249,655.48"
2020年报,星宇股份2020年年度报告全文,CF,期末现金及现金等价物余额,2,2124308690.54,1158593265.80,,,"六、期末现金及现金等价物余额 2,124,308,690.54 1,158,593,265.80"
2019年报,2019年年度报告,BS,,6,2019,12,31,2018,2019年12月31 2018年12月31
2019年报,2019年年度报告,BS,货币资金,2,1256763100.71,801763765.14,,,"货币资金 七、1 1,256,763,100.71 801,763,765.14"
2019年报,2019年年度报告,BS,交易性金融资产,1,1772631270.77,,,,"交易性金融资产 七、2 1,772,631,270.77"
2019年报,2019年年度报告,BS,应收票据,2,792450098.18,422680002.22,,,"应收票据 七、4 792,450,098.18 422,680,002.22"
2019年报,2019年年度报告,BS,应收账款,2,909684702.14,582177707.25,,,"应收账款 七、5 909,684,702.14 582,177,707.25"
2019年报,2019年年度报告,BS,预付款项,2,72885030.39,137221105.54,,,"预付款项 七、7 72,885,030.39 137,221,105.54"
2019年报,2019年年度报告,BS,其他应收款,2,3270394.77,51362905.91,,,"其他应收款 七、8 3,270,394.77 51,362,905.91"
2019年报,2019年年度报告,BS,其中：应收利息,1,22753889.87,,,,"其中：应收利息 22,753,889.87"
2019年报,2019年年度报告,BS,存货,2,1503821450.92,1316705549.44,,,"存货 七、9 1,503,821,450.92 1,316,705,549.44"
2019年报,2019年年度报告,BS,其他流动资产,2,29471391.65,2312679815.12,,,"其他流动资产 七、12 29,471,391.65 2,312,679,815.12"
2019年报,2019年年度报告,BS,流动资产合计,2,6340977439.53,5624590850.62,,,"流动资产合计 6,340,977,439.53 5,624,590,850.62"
2019年报,2019年年度报告,BS,可供出售金融资产,1,1000000.00,,,,"可供出售金融资产 1,000,000.00"
2019年报,2019年年度报告,BS,其他权益工具投资,1,1000000.00,,,,"其他权益工具投资 七、17 1,000,000.00"
2019年报,2019年年度报告,BS,固定资产,2,1213579182.38,1035091137.30,,,"固定资产 七、20 1,213,579,182.38 1,035,091,137.30"
2019年报,2019年年度报告,BS,在建工程,2,510367119.64,161419216.53,,,"在建工程 七、21 510,367,119.64 161,419,216.53"
2019年报,2019年年度报告,BS,无形资产,2,386104565.43,359582094.34,,,"无形资产 七、25 386,104,565.43 359,582,094.34"
2019年报,2019年年度报告,BS,长期待摊费用,2,81238954.18,45919742.27,,,"长期待摊费用 七、28 81,238,954.18 45,919,742.27"
2019年报,2019年年度报告,BS,递延所得税资产,2,20977314.11,20915362.22,,,"递延所得税资产 七、29 20,977,314.11 20,915,362.22"
2019年报,2019年年度报告,BS,非流动资产合计,2,2213267135.74,1623927552.66,,,"非流动资产合计 2,213,267,135.74 1,623,927,552.66"
2019年报,2019年年度报告,BS,资产总计,2,8554244575.27,7248518403.28,,,"资产总计 8,554,244,575.27 7,248,518,403.28"
2019年报,2019年年度报告,BS,短期借款,2,211239250.00,300000000.00,,,"短期借款 七、31 211,239,250.00 300,000,000.00"
2019年报,2019年年度报告,BS,应付票据,2,1176755686.97,1030512237.06,,,"应付票据 七、34 1,176,755,686.97 1,030,512,237.06"
2019年报,2019年年度报告,BS,应付账款,2,1851628598.75,1226329643.74,,,"应付账款 七、35 1,851,628,598.75 1,226,329,643.74"
2019年报,2019年年度报告,BS,预收款项,2,1925642.93,97608.83,,,"预收款项 七、36 1,925,642.93 97,608.83"
2019年报,2019年年度报告,BS,应付职工薪酬,2,78801961.46,72309115.32,,,"应付职工薪酬 七、37 78,801,961.46 72,309,115.32"
2019年报,2019年年度报告,BS,应交税费,2,69244489.99,34258952.58,,,"应交税费 七、38 69,244,489.99 34,258,952.58"
2019年报,2019年年度报告,BS,其他应付款,2,5609990.16,2930416.05,,,"其他应付款 七、39 5,609,990.16 2,930,416.05"
2019年报,2019年年度报告,BS,其中：应付利息,1,379624.99,,,,"其中：应付利息 379,624.99"
2019年报,2019年年度报告,BS,其他流动负债,2,24453278.62,31033571.94,,,"其他流动负债 七、42 24,453,278.62 31,033,571.94"
2019年报,2019年年度报告,BS,流动负债合计,2,3419658898.88,2697471545.52,,,"流动负债合计 3,419,658,898.88 2,697,471,545.52"
2019年报,2019年年度报告,BS,长期应付款,2,217642998.89,165952095.70,,,"长期应付款 七、46 217,642,998.89 165,952,095.70"
2019年报,2019年年度报告,BS,预计负债,2,12297039.88,7523043.13,,,"预计负债 七、48 12,297,039.88 7,523,043.13"
2019年报,2019年年度报告,BS,递延所得税负债,2,19385760.76,8202700.08,,,"递延所得税负债 七、29 19,385,760.76 8,202,700.08"
2019年报,2019年年度报告,BS,非流动负债合计,2,249325799.53,181677838.91,,,"非流动负债合计 249,325,799.53 181,677,838.91"
2019年报,2019年年度报告,BS,负债合计,2,3668984698.41,2879149384.43,,,"负债合计 3,668,984,698.41 2,879,149,384.43"
2019年报,2019年年度报告,BS,实收资本（或股本）,2,276155232.00,276155232.00,,,"实收资本（或股本） 七、51 276,155,232.00 276,155,232.00"
2019年报,2019年年度报告,BS,资本公积,2,2659384213.12,2659380743.67,,,"资本公积 七、53 2,659,384,213.12 2,659,380,743.67"
2019年报,2019年年度报告,BS,其他综合收益,2,1143684.68,813171.70,,,"其他综合收益 七、55 1,143,684.68 813,171.70"
2019年报,2019年年度报告,BS,盈余公积,2,179346065.82,179346065.82,,,"盈余公积 七、57 179,346,065.82 179,346,065.82"
2019年报,2019年年度报告,BS,未分配利润,2,1769230681.24,1252712484.08,,,"未分配利润 七、58 1,769,230,681.24 1,252,712,484.08"
2019年报,2019年年度报告,BS,归属于母公司所有者权益（或股东权益）合计,2,4885259876.86,4368407697.27,,,"4,885,259,876.86 4,368,407,697.27"
2019年报,2019年年度报告,BS,少数股东权益,1,961321.58,,,,"少数股东权益 961,321.58"
2019年报,2019年年度报告,BS,所有者权益（或股东权益）合计,2,4885259876.86,4369369018.85,,,"所有者权益（或股东权益）合计 4,885,259,876.86 4,369,369,018.85"
2019年报,2019年年度报告,BS,负债和所有者权益（或股东权益）总计,2,8554244575.27,7248518403.28,,,"负债和所有者权益（或股东权益）总计 8,554,244,575.27 7,248,518,403.28"
2019年报,2019年年度报告,IS,营业总收入,2,6091798416.53,5074067280.91,,,"一、营业总收入 七、59 6,091,798,416.53 5,074,067,280.91"
2019年报,2019年年度报告,IS,其中：营业收入,2,6091798416.53,5074067280.91,,,"其中：营业收入 七、59 6,091,798,416.53 5,074,067,280.91"
2019年报,2019年年度报告,IS,营业总成本,2,5189609914.94,4420970441.30,,,"二、营业总成本 七、59 5,189,609,914.94 4,420,970,441.30"
2019年报,2019年年度报告,IS,其中：营业成本,2,4627673539.15,3929541398.72,,,"其中：营业成本 七、59 4,627,673,539.15 3,929,541,398.72"
2019年报,2019年年度报告,IS,税金及附加,2,33064207.69,33413763.14,,,"税金及附加 七、60 33,064,207.69 33,413,763.14"
2019年报,2019年年度报告,IS,销售费用,2,139762325.29,144824533.41,,,"销售费用 七、61 139,762,325.29 144,824,533.41"
2019年报,2019年年度报告,IS,管理费用,2,155009762.98,130929411.83,,,"管理费用 七、62 155,009,762.98 130,929,411.83"
2019年报,2019年年度报告,IS,研发费用,2,230009872.03,180581770.71,,,"研发费用 七、63 230,009,872.03 180,581,770.71"
2019年报,2019年年度报告,IS,财务费用,2,4090207.80,1679563.49,,,"财务费用 七、64 4,090,207.80 1,679,563.49"
2019年报,2019年年度报告,IS,其中：利息费用,2,16551242.28,17326785.79,,,"其中：利息费用 16,551,242.28 17,326,785.79"
2019年报,2019年年度报告,IS,利息收入,2,14822209.13,15942882.92,,,"利息收入 14,822,209.13 15,942,882.92"
2019年报,2019年年度报告,IS,加：其他收益,2,18933363.47,13245368.96,,,"加：其他收益 七、65 18,933,363.47 13,245,368.96"
2019年报,2019年年度报告,IS,投资收益（损失以“－”号填列）,2,2046225.00,97689531.77,,,"投资收益（损失以“－”号填列） 七、66 2,046,225.00 97,689,531.77"
2019年报,2019年年度报告,IS,公允价值变动收益（损失以“－”号填列）,1,76046576.75,,,,"公允价值变动收益（损失以“－”号填列） 七、68 76,046,576.75"
2019年报,2019年年度报告,IS,信用减值损失（损失以“-”号填列）,1,-41199861.46,,,,"信用减值损失（损失以“-”号填列） 七、69 -41,199,861.46"
2019年报,2019年年度报告,IS,资产减值损失（损失以“-”号填列）,2,-7822449.79,-44361393.67,,,"资产减值损失（损失以“-”号填列） 七、70 -7,822,449.79 -44,361,393.67"
2019年报,2019年年度报告,IS,资产处置收益（损失以“－”号填列）,2,-2158737.14,-1870851.31,,,"资产处置收益（损失以“－”号填列） 七、71 -2,158,737.14 -1,870,851.31"
2019年报,2019年年度报告,IS,营业利润（亏损以“－”号填列）,2,948033618.42,717799495.36,,,"三、营业利润（亏损以“－”号填列） 948,033,618.42 717,799,495.36"
2019年报,2019年年度报告,IS,加：营业外收入,2,5823886.60,1755062.69,,,"加：营业外收入 七、72 5,823,886.60 1,755,062.69"
2019年报,2019年年度报告,IS,减：营业外支出,2,5546531.90,3660574.29,,,"减：营业外支出 七、73 5,546,531.90 3,660,574.29"
2019年报,2019年年度报告,IS,利润总额（亏损总额以“－”号填列）,2,948310973.12,715893983.76,,,"四、利润总额（亏损总额以“－”号填列） 948,310,973.12 715,893,983.76"
2019年报,2019年年度报告,IS,减：所得税费用,2,158780698.82,107623766.37,,,"减：所得税费用 七、74 158,780,698.82 107,623,766.37"
2019年报,2019年年度报告,IS,净利润（净亏损以“－”号填列）,2,789530274.30,608270217.39,,,"五、净利润（净亏损以“－”号填列） 789,530,274.30 608,270,217.39"
2019年报,2019年年度报告,IS,持续经营净利润（净亏损以“－”号填列）,2,789530274.30,608270217.39,,,"1.持续经营净利润（净亏损以“－”号填列） 789,530,274.30 608,270,217.39"
2019年报,2019年年度报告,IS,归属于母公司股东的净利润（净亏损以“-”号填列）,2,789911876.84,610536603.65,,,"789,911,876.84 610,536,603.65"
2019年报,2019年年度报告,IS,少数股东损益（净亏损以“-”号填列）,2,-381602.54,-2266386.26,,,"2.少数股东损益（净亏损以“-”号填列） -381,602.54 -2,266,386.26"
2019年报,2019年年度报告,IS,其他综合收益的税后净额,2,223764.52,1015484.04,,,"六、其他综合收益的税后净额 223,764.52 1,015,484.04"
2019年报,2019年年度报告,IS,归属母公司所有者的其他综合收益的税后净额,2,255010.75,896074.11,,,"255,010.75 896,074.11"
2019年报,2019年年度报告,IS,将重分类进损益的其他综合收益,2,255010.75,896074.11,,,"2．将重分类进损益的其他综合收益 255,010.75 896,074.11"
2019年报,2019年年度报告,IS,外币财务报表折算差额,2,255010.75,896074.11,,,"（8）外币财务报表折算差额 255,010.75 896,074.11"
2019年报,2019年年度报告,IS,归属于少数股东的其他综合收益的税后净额,2,-31246.23,119409.93,,,"-31,246.23 119,409.93"
2019年报,2019年年度报告,IS,综合收益总额,2,789754038.82,609285701.43,,,"七、综合收益总额 789,754,038.82 609,285,701.43"
2019年报,2019年年度报告,IS,归属于母公司所有者的综合收益总额,2,790166887.59,611432677.76,,,"（一）归属于母公司所有者的综合收益总额 790,166,887.59 611,432,677.76"
2019年报,2019年年度报告,IS,归属于少数股东的综合收益总额,2,-412848.77,-2146976.33,,,"（二）归属于少数股东的综合收益总额 -412,848.77 -2,146,976.33"
2019年报,2019年年度报告,IS,基本每股收益(元/股),2,2.8604,2.2108,,,（一）基本每股收益(元/股) 2.8604 2.2108
2019年报,2019年年度报告,IS,稀释每股收益(元/股),2,2.8604,2.2108,,,（二）稀释每股收益(元/股) 2.8604 2.2108
2019年报,2019年年度报告,CF,销售商品、提供劳务收到的现金,2,5718840586.50,5116132642.41,,,"销售商品、提供劳务收到的现金 5,718,840,586.50 5,116,132,642.41"
2019年报,2019年年度报告,CF,收到的税费返还,1,5289277.67,,,,"收到的税费返还 5,289,277.67"
2019年报,2019年年度报告,CF,收到其他与经营活动有关的现金,2,91445362.55,106548464.06,,,"收到其他与经营活动有关的现金 七、76(1) 91,445,362.55 106,548,464.06"
2019年报,2019年年度报告,CF,经营活动现金流入小计,2,5815575226.72,5222681106.47,,,"经营活动现金流入小计 5,815,575,226.72 5,222,681,106.47"
2019年报,2019年年度报告,CF,购买商品、接受劳务支付的现金,2,3598455032.64,3429927926.59,,,"购买商品、接受劳务支付的现金 3,598,455,032.64 3,429,927,926.59"
2019年报,2019年年度报告,CF,支付给职工及为职工支付的现金,2,561906996.28,512254971.02,,,"支付给职工及为职工支付的现金 561,906,996.28 512,254,971.02"
2019年报,2019年年度报告,CF,支付的各项税费,2,316497413.56,332780228.24,,,"支付的各项税费 316,497,413.56 332,780,228.24"
2019年报,2019年年度报告,CF,支付其他与经营活动有关的现金,2,258714246.27,264979678.16,,,"支付其他与经营活动有关的现金 七、76(2) 258,714,246.27 264,979,678.16"
2019年报,2019年年度报告,CF,经营活动现金流出小计,2,4735573688.75,4539942804.01,,,"经营活动现金流出小计 4,735,573,688.75 4,539,942,804.01"
2019年报,2019年年度报告,CF,经营活动产生的现金流量净额,2,1080001537.97,682738302.46,,,"经营活动产生的现金流量净额 1,080,001,537.97 682,738,302.46"
2019年报,2019年年度报告,CF,收回投资收到的现金,2,7401000000.00,5929000000.00,,,"收回投资收到的现金 7,401,000,000.00 5,929,000,000.00"
2019年报,2019年年度报告,CF,取得投资收益收到的现金,2,89728583.45,109494855.64,,,"取得投资收益收到的现金 89,728,583.45 109,494,855.64"
2019年报,2019年年度报告,CF,处置固定资产、无形资产和其他长期资产收回的现金净额,2,3332364.94,692728.33,,,"3,332,364.94 692,728.33"
2019年报,2019年年度报告,CF,收到其他与投资活动有关的现金,1,7610000.00,,,,"收到其他与投资活动有关的现金 七、76(3) 7,610,000.00"
2019年报,2019年年度报告,CF,投资活动现金流入小计,2,7494060948.39,6046797583.97,,,"投资活动现金流入小计 7,494,060,948.39 6,046,797,583.97"
2019年报,2019年年度报告,CF,购建固定资产、无形资产和其他长期资产支付的现金,2,817549082.23,316552764.60,,,"817,549,082.23 316,552,764.60"
2019年报,2019年年度报告,CF,投资支付的现金,2,6880137439.21,5822000000.00,,,"投资支付的现金 6,880,137,439.21 5,822,000,000.00"
2019年报,2019年年度报告,CF,投资活动现金流出小计,2,7697686521.44,6138552764.60,,,"投资活动现金流出小计 7,697,686,521.44 6,138,552,764.60"
2019年报,2019年年度报告,CF,投资活动产生的现金流量净额,2,-203625573.05,-91755180.63,,,"投资活动产生的现金流量净额 -203,625,573.05 -91,755,180.63"
2019年报,2019年年度报告,CF,取得借款收到的现金,2,411000000.00,400000000.00,,,"取得借款收到的现金 411,000,000.00 400,000,000.00"
2019年报,2019年年度报告,CF,筹资活动现金流入小计,2,411000000.00,400000000.00,,,"筹资活动现金流入小计 411,000,000.00 400,000,000.00"
2019年报,2019年年度报告,CF,偿还债务支付的现金,2,500000000.00,500000000.00,,,"偿还债务支付的现金 500,000,000.00 500,000,000.00"
2019年报,2019年年度报告,CF,分配股利、利润或偿付利息支付的现金,2,288763679.71,281539673.57,,,"分配股利、利润或偿付利息支付的现金 288,763,679.71 281,539,673.57"
2019年报,2019年年度报告,CF,支付其他与筹资活动有关的现金,2,268205.19,3597099.45,,,"支付其他与筹资活动有关的现金 七、76(6) 268,205.19 3,597,099.45"
2019年报,2019年年度报告,CF,筹资活动现金流出小计,2,789031884.90,785136773.02,,,"筹资活动现金流出小计 789,031,884.90 785,136,773.02"
2019年报,2019年年度报告,CF,筹资活动产生的现金流量净额,2,-378031884.90,-385136773.02,,,"筹资活动产生的现金流量净额 -378,031,884.90 -385,136,773.02"
2019年报,2019年年度报告,CF,汇率变动对现金及现金等价物的影响,2,-469.70,762358.89,,,"四、汇率变动对现金及现金等价物的影响 -469.70 762,358.89"
2019年报,2019年年度报告,CF,现金及现金等价物净增加额,2,498343610.32,206608707.70,,,"五、现金及现金等价物净增加额 498,343,610.32 206,608,707.70"
2019年报,2019年年度报告,CF,加：期初现金及现金等价物余额,2,660249655.48,453640947.78,,,"加：期初现金及现金等价物余额 660,249,655.48 453,640,947.78"
2019年报,2019年年度报告,CF,期末现金及现金等价物余额,2,1158593265.80,660249655.48,,,"六、期末现金及现金等价物余额 1,158,593,265.80 660,249,655.48"
2018年报,2018年年度报告,BS,货币资金,2,801763765.14,632469776.46,,,"货币资金 七、1 801,763,765.14 632,469,776.46"
2018年报,2018年年度报告,BS,应收票据及应收账款,2,1004857709.47,807073770.07,,,"应收票据及应收账款 七、4 1,004,857,709.47 807,073,770.07"
2018年报,2018年年度报告,BS,其中：应收票据,2,422680002.22,350681233.02,,,"其中：应收票据 422,680,002.22 350,681,233.02"
2018年报,2018年年度报告,BS,应收账款,2,582177707.25,456392537.05,,,"应收账款 582,177,707.25 456,392,537.05"
2018年报,2018年年度报告,BS,预付款项,2,137221105.54,75256591.20,,,"预付款项 七、5 137,221,105.54 75,256,591.20"
2018年报,2018年年度报告,BS,其他应收款,2,51362905.91,62422594.97,,,"其他应收款 七、6 51,362,905.91 62,422,594.97"
2018年报,2018年年度报告,BS,其中：应收利息,2,22753889.87,34331130.41,,,"其中：应收利息 22,753,889.87 34,331,130.41"
2018年报,2018年年度报告,BS,存货,2,1316705549.44,1058131280.96,,,"存货 七、7 1,316,705,549.44 1,058,131,280.96"
2018年报,2018年年度报告,BS,其他流动资产,2,2312679815.12,2410956353.91,,,"其他流动资产 七、10 2,312,679,815.12 2,410,956,353.91"
2018年报,2018年年度报告,BS,流动资产合计,2,5624590850.62,5046310367.57,,,"流动资产合计 5,624,590,850.62 5,046,310,367.57"
2018年报,2018年年度报告,BS,可供出售金融资产,2,1000000.00,1000000.00,,,"可供出售金融资产 七、11 1,000,000.00 1,000,000.00"
2018年报,2018年年度报告,BS,固定资产,2,1035091137.30,915228527.57,,,"固定资产 七、16 1,035,091,137.30 915,228,527.57"
2018年报,2018年年度报告,BS,在建工程,2,161419216.53,47305127.88,,,"在建工程 七、17 161,419,216.53 47,305,127.88"
2018年报,2018年年度报告,BS,无形资产,2,359582094.34,119758812.26,,,"无形资产 七、20 359,582,094.34 119,758,812.26"
2018年报,2018年年度报告,BS,商誉,1,27980177.33,,,,"商誉 七、22 27,980,177.33"
2018年报,2018年年度报告,BS,长期待摊费用,2,45919742.27,39681534.86,,,"长期待摊费用 七、23 45,919,742.27 39,681,534.86"
2018年报,2018年年度报告,BS,递延所得税资产,2,20915362.22,21193253.97,,,"递延所得税资产 七、24 20,915,362.22 21,193,253.97"
2018年报,2018年年度报告,BS,其他非流动资产,1,239787083.02,,,,"其他非流动资产 七、25 239,787,083.02"
2018年报,2018年年度报告,BS,非流动资产合计,2,1623927552.66,1411934516.89,,,"非流动资产合计 1,623,927,552.66 1,411,934,516.89"
2018年报,2018年年度报告,BS,资产总计,2,7248518403.28,6458244884.46,,,"资产总计 7,248,518,403.28 6,458,244,884.46"
2018年报,2018年年度报告,BS,短期借款,2,300000000.00,400000000.00,,,"短期借款 七、26 300,000,000.00 400,000,000.00"
2018年报,2018年年度报告,BS,应付票据及应付账款,2,2256841880.80,1787271740.71,,,"应付票据及应付账款 七、29 2,256,841,880.80 1,787,271,740.71"
2018年报,2018年年度报告,BS,预收款项,2,97608.83,432731.43,,,"预收款项 七、30 97,608.83 432,731.43"
2018年报,2018年年度报告,BS,应付职工薪酬,2,72309115.32,60802702.34,,,"应付职工薪酬 七、31 72,309,115.32 60,802,702.34"
2018年报,2018年年度报告,BS,应交税费,2,34258952.58,60367231.79,,,"应交税费 七、32 34,258,952.58 60,367,231.79"
2018年报,2018年年度报告,BS,其他应付款,2,2930416.05,3674357.04,,,"其他应付款 七、33 2,930,416.05 3,674,357.04"
2018年报,2018年年度报告,BS,其中：应付利息,2,379624.99,478500.00,,,"其中：应付利息 379,624.99 478,500.00"
2018年报,2018年年度报告,BS,其他流动负债,2,31033571.94,19950719.68,,,"其他流动负债 七、36 31,033,571.94 19,950,719.68"
2018年报,2018年年度报告,BS,流动负债合计,2,2697471545.52,2332499482.99,,,"流动负债合计 2,697,471,545.52 2,332,499,482.99"
2018年报,2018年年度报告,BS,长期应付款,2,165952095.70,94483831.98,,,"长期应付款 七、39 165,952,095.70 94,483,831.98"
2018年报,2018年年度报告,BS,预计负债,2,7523043.13,5374482.29,,,"预计负债 七、41 7,523,043.13 5,374,482.29"
2018年报,2018年年度报告,BS,递延所得税负债,2,8202700.08,694747.06,,,"递延所得税负债 七、24 8,202,700.08 694,747.06"
2018年报,2018年年度报告,BS,非流动负债合计,2,181677838.91,100553061.33,,,"非流动负债合计 181,677,838.91 100,553,061.33"
2018年报,2018年年度报告,BS,负债合计,2,2879149384.43,2433052544.32,,,"负债合计 2,879,149,384.43 2,433,052,544.32"
2018年报,2018年年度报告,BS,实收资本（或股本）,2,276155232.00,276155232.00,,,"实收资本（或股本） 七、44 276,155,232.00 276,155,232.00"
2018年报,2018年年度报告,BS,资本公积,2,2659380743.67,2659380743.67,,,"资本公积 七、46 2,659,380,743.67 2,659,380,743.67"
2018年报,2018年年度报告,BS,其他综合收益,2,813171.70,-82902.41,,,"其他综合收益 七、48 813,171.70 -82,902.41"
2018年报,2018年年度报告,BS,盈余公积,2,179346065.82,179346065.82,,,"盈余公积 七、50 179,346,065.82 179,346,065.82"
2018年报,2018年年度报告,BS,未分配利润,2,1252712484.08,907284903.15,,,"未分配利润 七、51 1,252,712,484.08 907,284,903.15"
2018年报,2018年年度报告,BS,归属于母公司所有者权益合计,2,4368407697.27,4022084042.23,,,"归属于母公司所有者权益合计 4,368,407,697.27 4,022,084,042.23"
2018年报,2018年年度报告,BS,少数股东权益,2,961321.58,3108297.91,,,"少数股东权益 961,321.58 3,108,297.91"
2018年报,2018年年度报告,BS,所有者权益（或股东权益）合计,2,4369369018.85,4025192340.14,,,"所有者权益（或股东权益）合计 4,369,369,018.85 4,025,192,340.14"
2018年报,2018年年度报告,BS,负债和所有者权益（或股东权益）总计,2,7248518403.28,6458244884.46,,,"负债和所有者权益（或股东权益）总计 7,248,518,403.28 6,458,244,884.46"
2018年报,2018年年度报告,IS,营业总收入,2,5074067280.91,4255416130.08,,,"一、营业总收入 5,074,067,280.91 4,255,416,130.08"
2018年报,2018年年度报告,IS,其中：营业收入,2,5074067280.91,4255416130.08,,,"其中：营业收入 七、52 5,074,067,280.91 4,255,416,130.08"
2018年报,2018年年度报告,IS,营业总成本,2,4465331834.97,3794620019.02,,,"二、营业总成本 4,465,331,834.97 3,794,620,019.02"
2018年报,2018年年度报告,IS,其中：营业成本,2,3929541398.72,3337523172.62,,,"其中：营业成本 七、52 3,929,541,398.72 3,337,523,172.62"
2018年报,2018年年度报告,IS,税金及附加,2,33413763.14,29106426.91,,,"税金及附加 七、53 33,413,763.14 29,106,426.91"
2018年报,2018年年度报告,IS,销售费用,2,144824533.41,125720722.03,,,"销售费用 七、54 144,824,533.41 125,720,722.03"
2018年报,2018年年度报告,IS,管理费用,2,130929411.83,109320353.74,,,"管理费用 七、55 130,929,411.83 109,320,353.74"
2018年报,2018年年度报告,IS,研发费用,2,180581770.71,179308247.93,,,"研发费用 七、56 180,581,770.71 179,308,247.93"
2018年报,2018年年度报告,IS,财务费用,2,1679563.49,7063390.97,,,"财务费用 七、57 1,679,563.49 7,063,390.97"
2018年报,2018年年度报告,IS,其中：利息费用,2,17326785.79,12980630.57,,,"其中：利息费用 17,326,785.79 12,980,630.57"
2018年报,2018年年度报告,IS,利息收入,2,15942882.92,7434962.03,,,"利息收入 15,942,882.92 7,434,962.03"
2018年报,2018年年度报告,IS,资产减值损失,2,44361393.67,6577704.82,,,"资产减值损失 七、58 44,361,393.67 6,577,704.82"
2018年报,2018年年度报告,IS,加：其他收益,2,13245368.96,9656897.13,,,"加：其他收益 七、59 13,245,368.96 9,656,897.13"
2018年报,2018年年度报告,IS,投资收益（损失以“－”号填列）,2,97689531.77,86443428.57,,,"投资收益（损失以“－”号填列） 七、60 97,689,531.77 86,443,428.57"
2018年报,2018年年度报告,IS,资产处置收益（损失以“－”号填列）,2,-1870851.31,673173.16,,,"资产处置收益（损失以“－”号填列） 七、62 -1,870,851.31 673,173.16"
2018年报,2018年年度报告,IS,营业利润（亏损以“－”号填列）,2,717799495.36,557569609.92,,,"三、营业利润（亏损以“－”号填列） 717,799,495.36 557,569,609.92"
2018年报,2018年年度报告,IS,加：营业外收入,2,1755062.69,2642428.80,,,"加：营业外收入 七、63 1,755,062.69 2,642,428.80"
2018年报,2018年年度报告,IS,减：营业外支出,2,3660574.29,1939870.95,,,"减：营业外支出 七、64 3,660,574.29 1,939,870.95"
2018年报,2018年年度报告,IS,利润总额（亏损总额以“－”号填列）,2,715893983.76,558272167.77,,,"四、利润总额（亏损总额以“－”号填列） 715,893,983.76 558,272,167.77"
2018年报,2018年年度报告,IS,减：所得税费用,2,107623766.37,89269023.53,,,"减：所得税费用 七、65 107,623,766.37 89,269,023.53"
2018年报,2018年年度报告,IS,净利润（净亏损以“－”号填列）,2,608270217.39,469003144.24,,,"五、净利润（净亏损以“－”号填列） 608,270,217.39 469,003,144.24"
2018年报,2018年年度报告,IS,持续经营净利润（净亏损以“－”号填列）,2,608270217.39,469003144.24,,,"1.持续经营净利润（净亏损以“－”号填列） 608,270,217.39 469,003,144.24"
2018年报,2018年年度报告,IS,归属于母公司股东的净利润,2,610536603.65,469975753.40,,,"1.归属于母公司股东的净利润 610,536,603.65 469,975,753.40"
2018年报,2018年年度报告,IS,少数股东损益,2,-2266386.26,-972609.16,,,"2.少数股东损益 -2,266,386.26 -972,609.16"
2018年报,2018年年度报告,IS,其他综合收益的税后净额,2,1015484.04,1920890.76,,,"六、其他综合收益的税后净额 1,015,484.04 1,920,890.76"
2018年报,2018年年度报告,IS,归属母公司所有者的其他综合收益的税后净额,2,896074.11,1572267.95,,,"归属母公司所有者的其他综合收益的税后净额 896,074.11 1,572,267.95"
2018年报,2018年年度报告,IS,将重分类进损益的其他综合收益,2,896074.11,1572267.95,,,"（二）将重分类进损益的其他综合收益 896,074.11 1,572,267.95"
2018年报,2018年年度报告,IS,外币财务报表折算差额,2,896074.11,1572267.95,,,"5.外币财务报表折算差额 896,074.11 1,572,267.95"
2018年报,2018年年度报告,IS,归属于少数股东的其他综合收益的税后净额,2,119409.93,348622.81,,,"归属于少数股东的其他综合收益的税后净额 119,409.93 348,622.81"
2018年报,2018年年度报告,IS,综合收益总额,2,609285701.43,470924035.00,,,"七、综合收益总额 609,285,701.43 470,924,035.00"
2018年报,2018年年度报告,IS,归属于母公司所有者的综合收益总额,2,611432677.76,471548021.35,,,"归属于母公司所有者的综合收益总额 611,432,677.76 471,548,021.35"
2018年报,2018年年度报告,IS,归属于少数股东的综合收益总额,2,-2146976.33,-623986.35,,,"归属于少数股东的综合收益总额 -2,146,976.33 -623,986.35"
2018年报,2018年年度报告,IS,基本每股收益(元/股),2,2.2108,1.7019,,,（一）基本每股收益(元/股) 2.2108 1.7019
2018年报,2018年年度报告,IS,稀释每股收益(元/股),2,2.2108,1.7019,,,（二）稀释每股收益(元/股) 2.2108 1.7019
2018年报,2018年年度报告,CF,销售商品、提供劳务收到的现金,2,5116132642.41,4172964837.90,,,"销售商品、提供劳务收到的现金 5,116,132,642.41 4,172,964,837.90"
2018年报,2018年年度报告,CF,收到其他与经营活动有关的现金,2,106548464.06,80700216.68,,,"收到其他与经营活动有关的现金 七、67（1） 106,548,464.06 80,700,216.68"
2018年报,2018年年度报告,CF,经营活动现金流入小计,2,5222681106.47,4253665054.58,,,"经营活动现金流入小计 5,222,681,106.47 4,253,665,054.58"
2018年报,2018年年度报告,CF,购买商品、接受劳务支付的现金,2,3429927926.59,2399627322.84,,,"购买商品、接受劳务支付的现金 3,429,927,926.59 2,399,627,322.84"
2018年报,2018年年度报告,CF,支付给职工以及为职工支付的现金,2,512254971.02,419159535.38,,,"支付给职工以及为职工支付的现金 512,254,971.02 419,159,535.38"
2018年报,2018年年度报告,CF,支付的各项税费,2,332780228.24,261045608.82,,,"支付的各项税费 332,780,228.24 261,045,608.82"
2018年报,2018年年度报告,CF,支付其他与经营活动有关的现金,2,264979678.16,246484531.66,,,"支付其他与经营活动有关的现金 七、67（2） 264,979,678.16 246,484,531.66"
2018年报,2018年年度报告,CF,经营活动现金流出小计,2,4539942804.01,3326316998.70,,,"经营活动现金流出小计 4,539,942,804.01 3,326,316,998.70"
2018年报,2018年年度报告,CF,经营活动产生的现金流量净额,2,682738302.46,927348055.88,,,"经营活动产生的现金流量净额 682,738,302.46 927,348,055.88"
2018年报,2018年年度报告,CF,收回投资收到的现金,2,5929000000.00,1996000000.00,,,"收回投资收到的现金 5,929,000,000.00 1,996,000,000.00"
2018年报,2018年年度报告,CF,取得投资收益收到的现金,2,109494855.64,57909462.20,,,"取得投资收益收到的现金 109,494,855.64 57,909,462.20"
2018年报,2018年年度报告,CF,处置固定资产、无形资产和其他长期资产收回的现金净额,2,692728.33,8209042.95,,,"692,728.33 8,209,042.95"
2018年报,2018年年度报告,CF,收到其他与投资活动有关的现金,2,7610000.00,168000.00,,,"收到其他与投资活动有关的现金 七、67（3） 7,610,000.00 168,000.00"
2018年报,2018年年度报告,CF,投资活动现金流入小计,2,6046797583.97,2062286505.15,,,"投资活动现金流入小计 6,046,797,583.97 2,062,286,505.15"
2018年报,2018年年度报告,CF,购建固定资产、无形资产和其他长期资产支,2,316552764.60,515742417.69,,,"购建固定资产、无形资产和其他长期资产支 316,552,764.60 515,742,417.69"
2018年报,2018年年度报告,CF,投资支付的现金,2,5822000000.00,2388000000.00,,,"投资支付的现金 5,822,000,000.00 2,388,000,000.00"
2018年报,2018年年度报告,CF,支付其他与投资活动有关的现金,1,3700000.00,,,,"支付其他与投资活动有关的现金 七、67（4） 3,700,000.00"
2018年报,2018年年度报告,CF,投资活动现金流出小计,2,6138552764.60,2907442417.69,,,"投资活动现金流出小计 6,138,552,764.60 2,907,442,417.69"
2018年报,2018年年度报告,CF,投资活动产生的现金流量净额,2,-91755180.63,-845155912.54,,,"投资活动产生的现金流量净额 -91,755,180.63 -845,155,912.54"
2018年报,2018年年度报告,CF,取得借款收到的现金,2,400000000.00,400000000.00,,,"取得借款收到的现金 400,000,000.00 400,000,000.00"
2018年报,2018年年度报告,CF,筹资活动现金流入小计,2,400000000.00,400000000.00,,,"筹资活动现金流入小计 400,000,000.00 400,000,000.00"
2018年报,2018年年度报告,CF,偿还债务支付的现金,1,500000000.00,,,,"偿还债务支付的现金 500,000,000.00"
2018年报,2018年年度报告,CF,分配股利、利润或偿付利息支付的现金,2,281539673.57,212289150.55,,,"分配股利、利润或偿付利息支付的现金 281,539,673.57 212,289,150.55"
2018年报,2018年年度报告,CF,其中：子公司支付给少数股东的股利、利润,1,955252.94,,,,"其中：子公司支付给少数股东的股利、利润 955,252.94"
2018年报,2018年年度报告,CF,支付其他与筹资活动有关的现金,2,3597099.45,3033952.56,,,"支付其他与筹资活动有关的现金 七、67（6） 3,597,099.45 3,033,952.56"
2018年报,2018年年度报告,CF,筹资活动现金流出小计,2,785136773.02,215323103.11,,,"筹资活动现金流出小计 785,136,773.02 215,323,103.11"
2018年报,2018年年度报告,CF,筹资活动产生的现金流量净额,2,-385136773.02,184676896.89,,,"筹资活动产生的现金流量净额 -385,136,773.02 184,676,896.89"
2018年报,2018年年度报告,CF,汇率变动对现金及现金等价物的影响,2,762358.89,1730057.58,,,"四、汇率变动对现金及现金等价物的影响 762,358.89 1,730,057.58"
2018年报,2018年年度报告,CF,现金及现金等价物净增加额,2,206608707.70,268599097.81,,,"五、现金及现金等价物净增加额 206,608,707.70 268,599,097.81"
2018年报,2018年年度报告,CF,加：期初现金及现金等价物余额,2,453640947.78,185041849.97,,,"加：期初现金及现金等价物余额 453,640,947.78 185,041,849.97"
2018年报,2018年年度报告,CF,期末现金及现金等价物余额,2,660249655.48,453640947.78,,,"六、期末现金及现金等价物余额 660,249,655.48 453,640,947.78"
2017年报,2017年年度报告,BS,货币资金,2,632469776.46,448244792.27,,,"货币资金 七、1 632,469,776.46 448,244,792.27"
2017年报,2017年年度报告,BS,应收票据,2,350681233.02,315678094.84,,,"应收票据 七、4 350,681,233.02 315,678,094.84"
2017年报,2017年年度报告,BS,应收账款,2,456392537.05,513774319.13,,,"应收账款 七、5 456,392,537.05 513,774,319.13"
2017年报,2017年年度报告,BS,预付款项,2,75256591.20,64397766.38,,,"预付款项 七、6 75,256,591.20 64,397,766.38"
2017年报,2017年年度报告,BS,应收利息,2,34331130.41,5797164.04,,,"应收利息 七、7 34,331,130.41 5,797,164.04"
2017年报,2017年年度报告,BS,其他应收款,2,28091464.56,41633238.23,,,"其他应收款 七、9 28,091,464.56 41,633,238.23"
2017年报,2017年年度报告,BS,存货,2,1058131280.96,920639293.52,,,"存货 七、10 1,058,131,280.96 920,639,293.52"
2017年报,2017年年度报告,BS,其他流动资产,2,2410956353.91,2006371596.30,,,"其他流动资产 七、13 2,410,956,353.91 2,006,371,596.30"
2017年报,2017年年度报告,BS,流动资产合计,2,5046310367.57,4316536264.71,,,"流动资产合计 5,046,310,367.57 4,316,536,264.71"
2017年报,2017年年度报告,BS,可供出售金融资产,1,1000000.00,,,,"可供出售金融资产 七、14 1,000,000.00"
2017年报,2017年年度报告,BS,固定资产,2,915228527.57,818696272.91,,,"固定资产 七、19 915,228,527.57 818,696,272.91"
2017年报,2017年年度报告,BS,在建工程,2,47305127.88,35201120.23,,,"在建工程 七、20 47,305,127.88 35,201,120.23"
2017年报,2017年年度报告,BS,无形资产,2,119758812.26,122262223.34,,,"无形资产 七、25 119,758,812.26 122,262,223.34"
2017年报,2017年年度报告,BS,商誉,2,27980177.33,27980177.33,,,"商誉 七、27 27,980,177.33 27,980,177.33"
2017年报,2017年年度报告,BS,长期待摊费用,2,39681534.86,34936446.29,,,"长期待摊费用 七、28 39,681,534.86 34,936,446.29"
2017年报,2017年年度报告,BS,递延所得税资产,2,21193253.97,14276378.93,,,"递延所得税资产 七、29 21,193,253.97 14,276,378.93"
2017年报,2017年年度报告,BS,其他非流动资产,2,239787083.02,1219428.64,,,"其他非流动资产 七、30 239,787,083.02 1,219,428.64"
2017年报,2017年年度报告,BS,非流动资产合计,2,1411934516.89,1054572047.67,,,"非流动资产合计 1,411,934,516.89 1,054,572,047.67"
2017年报,2017年年度报告,BS,资产总计,2,6458244884.46,5371108312.38,,,"资产总计 6,458,244,884.46 5,371,108,312.38"
2017年报,2017年年度报告,BS,短期借款,1,400000000.00,,,,"短期借款 七、31 400,000,000.00"
2017年报,2017年年度报告,BS,应付票据,2,776939576.00,642231113.61,,,"应付票据 七、34 776,939,576.00 642,231,113.61"
2017年报,2017年年度报告,BS,应付账款,2,1010332164.71,840293622.82,,,"应付账款 七、35 1,010,332,164.71 840,293,622.82"
2017年报,2017年年度报告,BS,预收款项,1,432731.43,,,,"预收款项 七、36 432,731.43"
2017年报,2017年年度报告,BS,应付职工薪酬,2,60802702.34,27935875.78,,,"应付职工薪酬 七、37 60,802,702.34 27,935,875.78"
2017年报,2017年年度报告,BS,应交税费,2,60367231.79,24685514.29,,,"应交税费 七、38 60,367,231.79 24,685,514.29"
2017年报,2017年年度报告,BS,应付利息,1,478500.00,,,,"应付利息 七、39 478,500.00"
2017年报,2017年年度报告,BS,其他应付款,2,3195857.04,3920847.13,,,"其他应付款 七、41 3,195,857.04 3,920,847.13"
2017年报,2017年年度报告,BS,其他流动负债,2,19950719.68,22969492.05,,,"其他流动负债 七、44 19,950,719.68 22,969,492.05"
2017年报,2017年年度报告,BS,流动负债合计,2,2332499482.99,1562036465.68,,,"流动负债合计 2,332,499,482.99 1,562,036,465.68"
2017年报,2017年年度报告,BS,长期应付款,1,2116231.73,,,,"长期应付款 七、47 2,116,231.73"
2017年报,2017年年度报告,BS,专项应付款,2,94483831.98,48429709.46,,,"专项应付款 七、49 94,483,831.98 48,429,709.46"
2017年报,2017年年度报告,BS,预计负债,2,5374482.29,4047664.05,,,"预计负债 七、50 5,374,482.29 4,047,664.05"
2017年报,2017年年度报告,BS,递延所得税负债,2,694747.06,422916.34,,,"递延所得税负债 七、29 694,747.06 422,916.34"
2017年报,2017年年度报告,BS,非流动负债合计,2,100553061.33,55016521.58,,,"非流动负债合计 100,553,061.33 55,016,521.58"
2017年报,2017年年度报告,BS,负债合计,2,2433052544.32,1617052987.26,,,"负债合计 2,433,052,544.32 1,617,052,987.26"
2017年报,2017年年度报告,BS,股本,2,276155232.00,276155232.00,,,"股本 七、53 276,155,232.00 276,155,232.00"
2017年报,2017年年度报告,BS,资本公积,2,2659380743.67,2659380743.67,,,"资本公积 七、55 2,659,380,743.67 2,659,380,743.67"
2017年报,2017年年度报告,BS,其他综合收益,2,-82902.41,-1655170.36,,,"其他综合收益 七、57 -82,902.41 -1,655,170.36"
2017年报,2017年年度报告,BS,盈余公积,2,179346065.82,179346065.82,,,"盈余公积 七、59 179,346,065.82 179,346,065.82"
2017年报,2017年年度报告,BS,未分配利润,2,907284903.15,636140916.79,,,"未分配利润 七、60 907,284,903.15 636,140,916.79"
2017年报,2017年年度报告,BS,归属于母公司所有者权益合计,2,4022084042.23,3749367787.92,,,"归属于母公司所有者权益合计 4,022,084,042.23 3,749,367,787.92"
2017年报,2017年年度报告,BS,少数股东权益,2,3108297.91,4687537.20,,,"少数股东权益 3,108,297.91 4,687,537.20"
2017年报,2017年年度报告,BS,所有者权益合计,2,4025192340.14,3754055325.12,,,"所有者权益合计 4,025,192,340.14 3,754,055,325.12"
2017年报,2017年年度报告,BS,负债和所有者权益总计,2,6458244884.46,5371108312.38,,,"负债和所有者权益总计 6,458,244,884.46 5,371,108,312.38"
2017年报,2017年年度报告,IS,营业总收入,2,4255416130.08,3346892486.92,,,"一、营业总收入 4,255,416,130.08 3,346,892,486.92"
2017年报,2017年年度报告,IS,其中：营业收入,2,4255416130.08,3346892486.92,,,"其中：营业收入 七、61 4,255,416,130.08 3,346,892,486.92"
2017年报,2017年年度报告,IS,营业总成本,2,3794620019.02,3011190359.76,,,"二、营业总成本 3,794,620,019.02 3,011,190,359.76"
2017年报,2017年年度报告,IS,其中：营业成本,2,3337523172.62,2644754954.87,,,"其中：营业成本 七、61 3,337,523,172.62 2,644,754,954.87"
2017年报,2017年年度报告,IS,税金及附加,2,29106426.91,19078463.97,,,"税金及附加 七、62 29,106,426.91 19,078,463.97"
2017年报,2017年年度报告,IS,销售费用,2,125720722.03,109678096.66,,,"销售费用 七、63 125,720,722.03 109,678,096.66"
2017年报,2017年年度报告,IS,管理费用,2,288628601.67,227780009.53,,,"管理费用 七、64 288,628,601.67 227,780,009.53"
2017年报,2017年年度报告,IS,财务费用,2,7063390.97,-2085756.60,,,"财务费用 七、65 7,063,390.97 -2,085,756.60"
2017年报,2017年年度报告,IS,资产减值损失,2,6577704.82,11984591.33,,,"资产减值损失 七、66 6,577,704.82 11,984,591.33"
2017年报,2017年年度报告,IS,投资收益（损失以“－”号填列）,2,86443428.57,45855089.13,,,"投资收益（损失以“－”号填列） 七、68 86,443,428.57 45,855,089.13"
2017年报,2017年年度报告,IS,资产处置收益（损失以“－”号填列）,2,673173.16,2223537.20,,,"资产处置收益（损失以“－”号填列） 七、69 673,173.16 2,223,537.20"
2017年报,2017年年度报告,IS,其他收益,1,9656897.13,,,,"其他收益 七、70 9,656,897.13"
2017年报,2017年年度报告,IS,营业利润（亏损以“－”号填列）,2,557569609.92,383780753.49,,,"三、营业利润（亏损以“－”号填列） 557,569,609.92 383,780,753.49"
2017年报,2017年年度报告,IS,加：营业外收入,2,2642428.80,18218630.91,,,"加：营业外收入 七、71 2,642,428.80 18,218,630.91"
2017年报,2017年年度报告,IS,减：营业外支出,2,1939870.95,2959416.05,,,"减：营业外支出 七、72 1,939,870.95 2,959,416.05"
2017年报,2017年年度报告,IS,利润总额（亏损总额以“－”号填列）,2,558272167.77,399039968.35,,,"四、利润总额（亏损总额以“－”号填列） 558,272,167.77 399,039,968.35"
2017年报,2017年年度报告,IS,减：所得税费用,2,89269023.53,49684468.94,,,"减：所得税费用 七、73 89,269,023.53 49,684,468.94"
2017年报,2017年年度报告,IS,净利润（净亏损以“－”号填列）,2,469003144.24,349355499.41,,,"五、净利润（净亏损以“－”号填列） 469,003,144.24 349,355,499.41"
2017年报,2017年年度报告,IS,持续经营净利润（净亏损以“－”号填列）,2,469003144.24,349355499.41,,,"1.持续经营净利润（净亏损以“－”号填列） 469,003,144.24 349,355,499.41"
2017年报,2017年年度报告,IS,少数股东损益,2,-972609.16,-548582.38,,,"1.少数股东损益 -972,609.16 -548,582.38"
2017年报,2017年年度报告,IS,归属于母公司股东的净利润,2,469975753.40,349904081.79,,,"2.归属于母公司股东的净利润 469,975,753.40 349,904,081.79"
2017年报,2017年年度报告,IS,其他综合收益的税后净额,2,1920890.76,-1522003.15,,,"六、其他综合收益的税后净额 1,920,890.76 -1,522,003.15"
2017年报,2017年年度报告,IS,归属母公司所有者的其他综合收益的税后净额,2,1572267.95,-1282019.95,,,"归属母公司所有者的其他综合收益的税后净额 1,572,267.95 -1,282,019.95"
2017年报,2017年年度报告,IS,以后将重分类进损益的其他综合收益,2,1572267.95,-1282019.95,,,"（二）以后将重分类进损益的其他综合收益 1,572,267.95 -1,282,019.95"
2017年报,2017年年度报告,IS,外币财务报表折算差额,2,1572267.95,-1282019.95,,,"5.外币财务报表折算差额 1,572,267.95 -1,282,019.95"
2017年报,2017年年度报告,IS,归属于少数股东的其他综合收益的税后净额,2,348622.81,-239983.20,,,"归属于少数股东的其他综合收益的税后净额 348,622.81 -239,983.20"
2017年报,2017年年度报告,IS,综合收益总额,2,470924035.00,347833496.26,,,"七、综合收益总额 470,924,035.00 347,833,496.26"
2017年报,2017年年度报告,IS,归属于母公司所有者的综合收益总额,2,471548021.35,348622061.84,,,"归属于母公司所有者的综合收益总额 471,548,021.35 348,622,061.84"
2017年报,2017年年度报告,IS,归属于少数股东的综合收益总额,2,-623986.35,-788565.58,,,"归属于少数股东的综合收益总额 -623,986.35 -788,565.58"
2017年报,2017年年度报告,IS,基本每股收益(元/股),2,1.7019,1.3895,,,（一）基本每股收益(元/股) 1.7019 1.3895
2017年报,2017年年度报告,CF,销售商品、提供劳务收到的现金,2,4172964837.90,2686007745.46,,,"销售商品、提供劳务收到的现金 4,172,964,837.90 2,686,007,745.46"
2017年报,2017年年度报告,CF,收到其他与经营活动有关的现金,2,26907216.68,35601101.89,,,"收到其他与经营活动有关的现金 七、75（1） 26,907,216.68 35,601,101.89"
2017年报,2017年年度报告,CF,经营活动现金流入小计,2,4199872054.58,2721608847.35,,,"经营活动现金流入小计 4,199,872,054.58 2,721,608,847.35"
2017年报,2017年年度报告,CF,购买商品、接受劳务支付的现金,2,2399627322.84,1591125256.84,,,"购买商品、接受劳务支付的现金 2,399,627,322.84 1,591,125,256.84"
2017年报,2017年年度报告,CF,支付给职工以及为职工支付的现金,2,419159535.38,378856947.02,,,"支付给职工以及为职工支付的现金 419,159,535.38 378,856,947.02"
2017年报,2017年年度报告,CF,支付的各项税费,2,261045608.82,187954820.36,,,"支付的各项税费 261,045,608.82 187,954,820.36"
2017年报,2017年年度报告,CF,支付其他与经营活动有关的现金,2,246484531.66,224019579.42,,,"支付其他与经营活动有关的现金 七、75（2） 246,484,531.66 224,019,579.42"
2017年报,2017年年度报告,CF,经营活动现金流出小计,2,3326316998.70,2381956603.64,,,"经营活动现金流出小计 3,326,316,998.70 2,381,956,603.64"
2017年报,2017年年度报告,CF,经营活动产生的现金流量净额,2,873555055.88,339652243.71,,,"经营活动产生的现金流量净额 873,555,055.88 339,652,243.71"
2017年报,2017年年度报告,CF,收回投资收到的现金,2,1996000000.00,739950951.29,,,"收回投资收到的现金 1,996,000,000.00 739,950,951.29"
2017年报,2017年年度报告,CF,取得投资收益收到的现金,2,57909462.20,33147560.74,,,"取得投资收益收到的现金 57,909,462.20 33,147,560.74"
2017年报,2017年年度报告,CF,处置固定资产、无形资产和其他长期资产收回的现金净额,2,8209042.95,3785453.76,,,"8,209,042.95 3,785,453.76"
2017年报,2017年年度报告,CF,处置子公司及其他营业单位收到的现金净额,1,4087718.42,,,,"处置子公司及其他营业单位收到的现金净额 4,087,718.42"
2017年报,2017年年度报告,CF,收到其他与投资活动有关的现金,1,53961000.00,,,,"收到其他与投资活动有关的现金 七、75（3） 53,961,000.00"
2017年报,2017年年度报告,CF,投资活动现金流入小计,2,2116079505.15,780971684.21,,,"投资活动现金流入小计 2,116,079,505.15 780,971,684.21"
2017年报,2017年年度报告,CF,购建固定资产、无形资产和其他长期资产支付的现金,2,515742417.69,278532697.61,,,"515,742,417.69 278,532,697.61"
2017年报,2017年年度报告,CF,投资支付的现金,2,2388000000.00,1996490000.00,,,"投资支付的现金 2,388,000,000.00 1,996,490,000.00"
2017年报,2017年年度报告,CF,支付其他与投资活动有关的现金,2,3700000.00,230000.00,,,"支付其他与投资活动有关的现金 七、75（4） 3,700,000.00 230,000.00"
2017年报,2017年年度报告,CF,投资活动现金流出小计,2,2907442417.69,2275252697.61,,,"投资活动现金流出小计 2,907,442,417.69 2,275,252,697.61"
2017年报,2017年年度报告,CF,投资活动产生的现金流量净额,2,-791362912.54,-1494281013.40,,,"投资活动产生的现金流量净额 -791,362,912.54 -1,494,281,013.40"
2017年报,2017年年度报告,CF,吸收投资收到的现金,1,1478199982.88,,,,"吸收投资收到的现金 1,478,199,982.88"
2017年报,2017年年度报告,CF,取得借款收到的现金,2,400000000.00,88723165.47,,,"取得借款收到的现金 400,000,000.00 88,723,165.47"
2017年报,2017年年度报告,CF,筹资活动现金流入小计,2,400000000.00,1566923148.35,,,"筹资活动现金流入小计 400,000,000.00 1,566,923,148.35"
2017年报,2017年年度报告,CF,偿还债务支付的现金,1,216160893.54,,,,"偿还债务支付的现金 216,160,893.54"
2017年报,2017年年度报告,CF,分配股利、利润或偿付利息支付的现金,2,212289150.55,176212253.70,,,"分配股利、利润或偿付利息支付的现金 212,289,150.55 176,212,253.70"
2017年报,2017年年度报告,CF,其中：子公司支付给少数股东的股利、利润,2,955252.94,658636.11,,,"其中：子公司支付给少数股东的股利、利润 955,252.94 658,636.11"
2017年报,2017年年度报告,CF,支付其他与筹资活动有关的现金,2,3033952.56,3451537.16,,,"支付其他与筹资活动有关的现金 七、75（6） 3,033,952.56 3,451,537.16"
2017年报,2017年年度报告,CF,筹资活动现金流出小计,2,215323103.11,395824684.40,,,"筹资活动现金流出小计 215,323,103.11 395,824,684.40"
2017年报,2017年年度报告,CF,筹资活动产生的现金流量净额,2,184676896.89,1171098463.95,,,"筹资活动产生的现金流量净额 184,676,896.89 1,171,098,463.95"
2017年报,2017年年度报告,CF,汇率变动对现金及现金等价物的影响,2,1730057.58,-437098.27,,,"四、汇率变动对现金及现金等价物的影响 1,730,057.58 -437,098.27"
2017年报,2017年年度报告,CF,现金及现金等价物净增加额,2,268599097.81,16032595.99,,,"五、现金及现金等价物净增加额 268,599,097.81 16,032,595.99"
2017年报,2017年年度报告,CF,加：期初现金及现金等价物余额,2,185041849.97,169009253.98,,,"加：期初现金及现金等价物余额 185,041,849.97 169,009,253.98"
2017年报,2017年年度报告,CF,期末现金及现金等价物余额,2,453640947.78,185041849.97,,,"六、期末现金及现金等价物余额 453,640,947.78 185,041,849.97"
2016年报,2016年年度报告,BS,货币资金,2,448244792.27,369804272.84,,,"货币资金 七、1 448,244,792.27 369,804,272.84"
2016年报,2016年年度报告,BS,应收票据,2,315678094.84,258114526.30,,,"应收票据 七、4 315,678,094.84 258,114,526.30"
2016年报,2016年年度报告,BS,应收账款,2,513774319.13,329224475.48,,,"应收账款 七、5 513,774,319.13 329,224,475.48"
2016年报,2016年年度报告,BS,预付款项,2,64397766.38,45695473.74,,,"预付款项 七、6 64,397,766.38 45,695,473.74"
2016年报,2016年年度报告,BS,应收利息,2,5797164.04,4670297.64,,,"应收利息 七、7 5,797,164.04 4,670,297.64"
2016年报,2016年年度报告,BS,其他应收款,2,41633238.23,18202470.96,,,"其他应收款 七、9 41,633,238.23 18,202,470.96"
2016年报,2016年年度报告,BS,存货,2,920639293.52,691209496.14,,,"存货 七、10 920,639,293.52 691,209,496.14"
2016年报,2016年年度报告,BS,其他流动资产,2,2006371596.30,730462200.19,,,"其他流动资产 七、13 2,006,371,596.30 730,462,200.19"
2016年报,2016年年度报告,BS,流动资产合计,2,4316536264.71,2447383213.29,,,"流动资产合计 4,316,536,264.71 2,447,383,213.29"
2016年报,2016年年度报告,BS,固定资产,2,818696272.91,669090390.03,,,"固定资产 七、19 818,696,272.91 669,090,390.03"
2016年报,2016年年度报告,BS,在建工程,2,35201120.23,94686922.11,,,"在建工程 七、20 35,201,120.23 94,686,922.11"
2016年报,2016年年度报告,BS,无形资产,2,122262223.34,131287402.66,,,"无形资产 七、25 122,262,223.34 131,287,402.66"
2016年报,2016年年度报告,BS,商誉,2,27980177.33,27980177.33,,,"商誉 七、27 27,980,177.33 27,980,177.33"
2016年报,2016年年度报告,BS,长期待摊费用,2,34936446.29,27730567.69,,,"长期待摊费用 七、28 34,936,446.29 27,730,567.69"
2016年报,2016年年度报告,BS,递延所得税资产,2,14276378.93,8643342.63,,,"递延所得税资产 七、29 14,276,378.93 8,643,342.63"
2016年报,2016年年度报告,BS,其他非流动资产,2,1219428.64,553.43,,,"其他非流动资产 七、30 1,219,428.64 553.43"
2016年报,2016年年度报告,BS,非流动资产合计,2,1054572047.67,959419355.88,,,"非流动资产合计 1,054,572,047.67 959,419,355.88"
2016年报,2016年年度报告,BS,资产总计,2,5371108312.38,3406802569.17,,,"资产总计 5,371,108,312.38 3,406,802,569.17"
2016年报,2016年年度报告,BS,短期借款,1,127437728.07,,,,"短期借款 七、31 127,437,728.07"
2016年报,2016年年度报告,BS,应付票据,2,642231113.61,481659647.00,,,"应付票据 七、34 642,231,113.61 481,659,647.00"
2016年报,2016年年度报告,BS,应付账款,2,840293622.82,549507620.23,,,"应付账款 七、35 840,293,622.82 549,507,620.23"
2016年报,2016年年度报告,BS,预收款项,1,1824098.47,,,,"预收款项 七、36 1,824,098.47"
2016年报,2016年年度报告,BS,应付职工薪酬,2,27935875.78,27505017.74,,,"应付职工薪酬 七、37 27,935,875.78 27,505,017.74"
2016年报,2016年年度报告,BS,应交税费,2,24685514.29,31796826.50,,,"应交税费 七、38 24,685,514.29 31,796,826.50"
2016年报,2016年年度报告,BS,应付利息,1,103839.57,,,,"应付利息 七、39 103,839.57"
2016年报,2016年年度报告,BS,其他应付款,2,3920847.13,1894462.03,,,"其他应付款 七、41 3,920,847.13 1,894,462.03"
2016年报,2016年年度报告,BS,其他流动负债,2,22969492.05,14490612.40,,,"其他流动负债 七、44 22,969,492.05 14,490,612.40"
2016年报,2016年年度报告,BS,流动负债合计,2,1562036465.68,1236219852.01,,,"流动负债合计 1,562,036,465.68 1,236,219,852.01"
2016年报,2016年年度报告,BS,长期应付款,2,2116231.73,4377263.66,,,"长期应付款 七、47 2,116,231.73 4,377,263.66"
2016年报,2016年年度报告,BS,专项应付款,2,48429709.46,48244800.00,,,"专项应付款 七、49 48,429,709.46 48,244,800.00"
2016年报,2016年年度报告,BS,预计负债,2,4047664.05,12144461.73,,,"预计负债 七、50 4,047,664.05 12,144,461.73"
2016年报,2016年年度报告,BS,递延所得税负债,2,422916.34,264954.71,,,"递延所得税负债 422,916.34 264,954.71"
2016年报,2016年年度报告,BS,非流动负债合计,2,55016521.58,65031480.10,,,"非流动负债合计 55,016,521.58 65,031,480.10"
2016年报,2016年年度报告,BS,负债合计,2,1617052987.26,1301251332.11,,,"负债合计 1,617,052,987.26 1,301,251,332.11"
2016年报,2016年年度报告,BS,股本,2,276155232.00,239650000.00,,,"股本 七、53 276,155,232.00 239,650,000.00"
2016年报,2016年年度报告,BS,资本公积,2,2659380743.67,1217540709.77,,,"资本公积 七、55 2,659,380,743.67 1,217,540,709.77"
2016年报,2016年年度报告,BS,其他综合收益,2,-1655170.36,-373150.41,,,"其他综合收益 七、57 -1,655,170.36 -373,150.41"
2016年报,2016年年度报告,BS,盈余公积,2,179346065.82,144432400.85,,,"盈余公积 七、59 179,346,065.82 144,432,400.85"
2016年报,2016年年度报告,BS,未分配利润,2,636140916.79,493698499.97,,,"未分配利润 七、60 636,140,916.79 493,698,499.97"
2016年报,2016年年度报告,BS,归属于母公司所有者权益合计,2,3749367787.92,2094948460.18,,,"归属于母公司所有者权益合计 3,749,367,787.92 2,094,948,460.18"
2016年报,2016年年度报告,BS,少数股东权益,2,4687537.20,10602776.88,,,"少数股东权益 4,687,537.20 10,602,776.88"
2016年报,2016年年度报告,BS,所有者权益合计,2,3754055325.12,2105551237.06,,,"所有者权益合计 3,754,055,325.12 2,105,551,237.06"
2016年报,2016年年度报告,BS,负债和所有者权益总计,2,5371108312.38,3406802569.17,,,"负债和所有者权益总计 5,371,108,312.38 3,406,802,569.17"
2016年报,2016年年度报告,IS,营业总收入,2,3346892486.92,2467518342.94,,,"一、营业总收入 3,346,892,486.92 2,467,518,342.94"
2016年报,2016年年度报告,IS,其中：营业收入,2,3346892486.92,2467518342.94,,,"其中：营业收入 七、61 3,346,892,486.92 2,467,518,342.94"
2016年报,2016年年度报告,IS,营业总成本,2,3011190359.76,2187837610.04,,,"二、营业总成本 3,011,190,359.76 2,187,837,610.04"
2016年报,2016年年度报告,IS,其中：营业成本,2,2644754954.87,1888726111.83,,,"其中：营业成本 七、61 2,644,754,954.87 1,888,726,111.83"
2016年报,2016年年度报告,IS,税金及附加,2,19078463.97,10108145.31,,,"税金及附加 七、62 19,078,463.97 10,108,145.31"
2016年报,2016年年度报告,IS,销售费用,2,109678096.66,99674424.59,,,"销售费用 七、63 109,678,096.66 99,674,424.59"
2016年报,2016年年度报告,IS,管理费用,2,227780009.53,189773193.52,,,"管理费用 七、64 227,780,009.53 189,773,193.52"
2016年报,2016年年度报告,IS,财务费用,2,-2085756.60,-1789999.22,,,"财务费用 七、65 -2,085,756.60 -1,789,999.22"
2016年报,2016年年度报告,IS,资产减值损失,2,11984591.33,1345734.01,,,"资产减值损失 七、66 11,984,591.33 1,345,734.01"
2016年报,2016年年度报告,IS,投资收益（损失以“－”号填列）,2,45855089.13,41489974.54,,,"投资收益（损失以“－”号填列） 七、68 45,855,089.13 41,489,974.54"
2016年报,2016年年度报告,IS,营业利润（亏损以“－”号填列）,2,381557216.29,321170707.44,,,"三、营业利润（亏损以“－”号填列） 381,557,216.29 321,170,707.44"
2016年报,2016年年度报告,IS,加：营业外收入,2,20442168.11,20695257.31,,,"加：营业外收入 七、69 20,442,168.11 20,695,257.31"
2016年报,2016年年度报告,IS,其中：非流动资产处置利得,2,2223973.31,122793.48,,,"其中：非流动资产处置利得 2,223,973.31 122,793.48"
2016年报,2016年年度报告,IS,减：营业外支出,2,2959416.05,3206397.07,,,"减：营业外支出 七、70 2,959,416.05 3,206,397.07"
2016年报,2016年年度报告,IS,其中：非流动资产处置损失,2,1480168.06,1229234.41,,,"其中：非流动资产处置损失 1,480,168.06 1,229,234.41"
2016年报,2016年年度报告,IS,利润总额（亏损总额以“－”号填列）,2,399039968.35,338659567.68,,,"四、利润总额（亏损总额以“－”号填列） 399,039,968.35 338,659,567.68"
2016年报,2016年年度报告,IS,减：所得税费用,2,49684468.94,44909076.03,,,"减：所得税费用 七、71 49,684,468.94 44,909,076.03"
2016年报,2016年年度报告,IS,净利润（净亏损以“－”号填列）,2,349355499.41,293750491.65,,,"五、净利润（净亏损以“－”号填列） 349,355,499.41 293,750,491.65"
2016年报,2016年年度报告,IS,归属于母公司所有者的净利润,2,349904081.79,293484635.16,,,"归属于母公司所有者的净利润 349,904,081.79 293,484,635.16"
2016年报,2016年年度报告,IS,少数股东损益,2,-548582.38,265856.49,,,"少数股东损益 -548,582.38 265,856.49"
2016年报,2016年年度报告,IS,其他综合收益的税后净额,2,-1522003.15,1528585.35,,,"六、其他综合收益的税后净额 -1,522,003.15 1,528,585.35"
2016年报,2016年年度报告,IS,归属母公司所有者的其他综合收益的税后净额,2,-1282019.95,1283530.95,,,"-1,282,019.95 1,283,530.95"
2016年报,2016年年度报告,IS,以后将重分类进损益的其他综合收益,2,-1282019.95,1283530.95,,,"-1,282,019.95 1,283,530.95"
2016年报,2016年年度报告,IS,外币财务报表折算差额,2,-1282019.95,1283530.95,,,"5.外币财务报表折算差额 -1,282,019.95 1,283,530.95"
2016年报,2016年年度报告,IS,归属于少数股东的其他综合收益的税后净额,2,-239983.20,245054.40,,,"-239,983.20 245,054.40"
2016年报,2016年年度报告,IS,综合收益总额,2,347833496.26,295279077.00,,,"七、综合收益总额 347,833,496.26 295,279,077.00"
2016年报,2016年年度报告,IS,归属于母公司所有者的综合收益总额,2,348622061.84,294768166.11,,,"归属于母公司所有者的综合收益总额 348,622,061.84 294,768,166.11"
2016年报,2016年年度报告,IS,归属于少数股东的综合收益总额,2,-788565.58,510910.89,,,"归属于少数股东的综合收益总额 -788,565.58 510,910.89"
2016年报,2016年年度报告,IS,基本每股收益(元/股),2,1.3895,1.2246,,,（一）基本每股收益(元/股) 十八、2 1.3895 1.2246
2016年报,2016年年度报告,CF,销售商品、提供劳务收到的现金,2,2686007745.46,2077590448.93,,,"销售商品、提供劳务收到的现金 2,686,007,745.46 2,077,590,448.93"
2016年报,2016年年度报告,CF,收到其他与经营活动有关的现金,2,35601101.89,28522146.16,,,"收到其他与经营活动有关的现金 七、73（1） 35,601,101.89 28,522,146.16"
2016年报,2016年年度报告,CF,经营活动现金流入小计,2,2721608847.35,2106112595.09,,,"经营活动现金流入小计 2,721,608,847.35 2,106,112,595.09"
2016年报,2016年年度报告,CF,购买商品、接受劳务支付的现金,2,1591125256.84,1297061033.65,,,"购买商品、接受劳务支付的现金 1,591,125,256.84 1,297,061,033.65"
2016年报,2016年年度报告,CF,支付给职工以及为职工支付的现金,2,378856947.02,281251105.14,,,"支付给职工以及为职工支付的现金 378,856,947.02 281,251,105.14"
2016年报,2016年年度报告,CF,支付的各项税费,2,187954820.36,136338762.46,,,"支付的各项税费 187,954,820.36 136,338,762.46"
2016年报,2016年年度报告,CF,支付其他与经营活动有关的现金,2,224019579.42,191834687.93,,,"支付其他与经营活动有关的现金 七、73(2) 224,019,579.42 191,834,687.93"
2016年报,2016年年度报告,CF,经营活动现金流出小计,2,2381956603.64,1906485589.18,,,"经营活动现金流出小计 2,381,956,603.64 1,906,485,589.18"
2016年报,2016年年度报告,CF,经营活动产生的现金流量净额,2,339652243.71,199627005.91,,,"经营活动产生的现金流量净额 339,652,243.71 199,627,005.91"
2016年报,2016年年度报告,CF,收回投资收到的现金,2,739950951.29,941480000.00,,,"收回投资收到的现金 739,950,951.29 941,480,000.00"
2016年报,2016年年度报告,CF,取得投资收益收到的现金,2,33147560.74,41489974.54,,,"取得投资收益收到的现金 33,147,560.74 41,489,974.54"
2016年报,2016年年度报告,CF,处置固定资产、无形资产和其他长期资产收回的现金净额,2,3785453.76,861725.48,,,"3,785,453.76 861,725.48"
2016年报,2016年年度报告,CF,处置子公司及其他营业单位收到的现金净额,1,4087718.42,,,,"4,087,718.42"
2016年报,2016年年度报告,CF,收到其他与投资活动有关的现金,1,2761500.00,,,,"收到其他与投资活动有关的现金 七、73(3) 2,761,500.00"
2016年报,2016年年度报告,CF,投资活动现金流入小计,2,780971684.21,986593200.02,,,"投资活动现金流入小计 780,971,684.21 986,593,200.02"
2016年报,2016年年度报告,CF,购建固定资产、无形资产和其他长期资产支付的现金,2,278532697.61,208381301.09,,,"278,532,697.61 208,381,301.09"
2016年报,2016年年度报告,CF,投资支付的现金,2,1996490000.00,742800000.00,,,"投资支付的现金 1,996,490,000.00 742,800,000.00"
2016年报,2016年年度报告,CF,支付其他与投资活动有关的现金,2,230000.00,3910000.00,,,"支付其他与投资活动有关的现金 七、73(4) 230,000.00 3,910,000.00"
2016年报,2016年年度报告,CF,投资活动现金流出小计,2,2275252697.61,955091301.09,,,"投资活动现金流出小计 2,275,252,697.61 955,091,301.09"
2016年报,2016年年度报告,CF,投资活动产生的现金流量净额,2,-1494281013.40,31501898.93,,,"投资活动产生的现金流量净额 -1,494,281,013.40 31,501,898.93"
2016年报,2016年年度报告,CF,吸收投资收到的现金,1,1478199982.88,,,,"吸收投资收到的现金 1,478,199,982.88"
2016年报,2016年年度报告,CF,取得借款收到的现金,2,88723165.47,557384485.14,,,"取得借款收到的现金 88,723,165.47 557,384,485.14"
2016年报,2016年年度报告,CF,筹资活动现金流入小计,2,1566923148.35,557384485.14,,,"筹资活动现金流入小计 1,566,923,148.35 557,384,485.14"
2016年报,2016年年度报告,CF,偿还债务支付的现金,2,216160893.54,535159235.84,,,"偿还债务支付的现金 216,160,893.54 535,159,235.84"
2016年报,2016年年度报告,CF,分配股利、利润或偿付利息支付的现金,2,176212253.70,190070071.52,,,"176,212,253.70 190,070,071.52"
2016年报,2016年年度报告,CF,其中：子公司支付给少数股东的股利、利润,2,658636.11,38195.85,,,"658,636.11 38,195.85"
2016年报,2016年年度报告,CF,支付其他与筹资活动有关的现金,2,3451537.16,2451377.51,,,"支付其他与筹资活动有关的现金 七、73(6) 3,451,537.16 2,451,377.51"
2016年报,2016年年度报告,CF,筹资活动现金流出小计,2,395824684.40,727680684.87,,,"筹资活动现金流出小计 395,824,684.40 727,680,684.87"
2016年报,2016年年度报告,CF,筹资活动产生的现金流量净额,2,1171098463.95,-170296199.73,,,"筹资活动产生的现金流量净额 1,171,098,463.95 -170,296,199.73"
2016年报,2016年年度报告,CF,汇率变动对现金及现金等价物的影响,2,-437098.27,2245665.41,,,"-437,098.27 2,245,665.41"
2016年报,2016年年度报告,CF,现金及现金等价物净增加额,2,16032595.99,63078370.52,,,"五、现金及现金等价物净增加额 16,032,595.99 63,078,370.52"
2016年报,2016年年度报告,CF,加：期初现金及现金等价物余额,2,169009253.98,105930883.46,,,"加：期初现金及现金等价物余额 169,009,253.98 105,930,883.46"
2016年报,2016年年度报告,CF,期末现金及现金等价物余额,2,185041849.97,169009253.98,,,"六、期末现金及现金等价物余额 185,041,849.97 169,009,253.98"
2015年报,2015年年度报告,BS,货币资金,2,369804272.84,298200629.75,,,"货币资金 七、1 369,804,272.84 298,200,629.75"
2015年报,2015年年度报告,BS,应收票据,2,258114526.30,231661402.89,,,"应收票据 七、4 258,114,526.30 231,661,402.89"
2015年报,2015年年度报告,BS,应收账款,2,329224475.48,294447813.29,,,"应收账款 七、5 329,224,475.48 294,447,813.29"
2015年报,2015年年度报告,BS,预付款项,2,45695473.74,37192605.53,,,"预付款项 七、6 45,695,473.74 37,192,605.53"
2015年报,2015年年度报告,BS,应收利息,2,4670297.64,4549576.01,,,"应收利息 七、7 4,670,297.64 4,549,576.01"
2015年报,2015年年度报告,BS,其他应收款,2,18202470.96,4219051.40,,,"其他应收款 七、9 18,202,470.96 4,219,051.40"
2015年报,2015年年度报告,BS,存货,2,691209496.14,497979757.94,,,"存货 七、10 691,209,496.14 497,979,757.94"
2015年报,2015年年度报告,BS,一年内到期的非流动资产,1,250000000.00,,,,"一年内到期的非流动资产 250,000,000.00"
2015年报,2015年年度报告,BS,其他流动资产,2,730462200.19,677824484.13,,,"其他流动资产 七、13 730,462,200.19 677,824,484.13"
2015年报,2015年年度报告,BS,流动资产合计,2,2447383213.29,2296075320.94,,,"流动资产合计 2,447,383,213.29 2,296,075,320.94"
2015年报,2015年年度报告,BS,固定资产,2,669090390.03,610906881.50,,,"固定资产 七、19 669,090,390.03 610,906,881.50"
2015年报,2015年年度报告,BS,在建工程,2,94686922.11,66976765.62,,,"在建工程 七、20 94,686,922.11 66,976,765.62"
2015年报,2015年年度报告,BS,无形资产,2,131287402.66,136911909.49,,,"无形资产 七、25 131,287,402.66 136,911,909.49"
2015年报,2015年年度报告,BS,商誉,2,27980177.33,27980177.33,,,"商誉 七、27 27,980,177.33 27,980,177.33"
2015年报,2015年年度报告,BS,长期待摊费用,2,27730567.69,15099621.37,,,"长期待摊费用 七、28 27,730,567.69 15,099,621.37"
2015年报,2015年年度报告,BS,递延所得税资产,2,8643342.63,6684438.66,,,"递延所得税资产 七、29 8,643,342.63 6,684,438.66"
2015年报,2015年年度报告,BS,其他非流动资产,1,553.43,,,,其他非流动资产 553.43
2015年报,2015年年度报告,BS,非流动资产合计,2,959419355.88,864559793.97,,,"非流动资产合计 959,419,355.88 864,559,793.97"
2015年报,2015年年度报告,BS,资产总计,2,3406802569.17,3160635114.91,,,"资产总计 3,406,802,569.17 3,160,635,114.91"
2015年报,2015年年度报告,BS,短期借款,2,127437728.07,105212478.77,,,"短期借款 七、30 127,437,728.07 105,212,478.77"
2015年报,2015年年度报告,BS,应付票据,2,481659647.00,492434264.67,,,"应付票据 七、33 481,659,647.00 492,434,264.67"
2015年报,2015年年度报告,BS,应付账款,2,549507620.23,441656059.26,,,"应付账款 七、34 549,507,620.23 441,656,059.26"
2015年报,2015年年度报告,BS,预收款项,2,1824098.47,3826856.41,,,"预收款项 七、35 1,824,098.47 3,826,856.41"
2015年报,2015年年度报告,BS,应付职工薪酬,2,27505017.74,22208044.74,,,"应付职工薪酬 七、36 27,505,017.74 22,208,044.74"
2015年报,2015年年度报告,BS,应交税费,2,31796826.50,17155760.91,,,"应交税费 七、37 31,796,826.50 17,155,760.91"
2015年报,2015年年度报告,BS,应付利息,2,103839.57,193072.99,,,"应付利息 七、38 103,839.57 193,072.99"
2015年报,2015年年度报告,BS,其他应付款,2,1894462.03,1978850.18,,,"其他应付款 七、40 1,894,462.03 1,978,850.18"
2015年报,2015年年度报告,BS,其他流动负债,2,14490612.40,16209459.30,,,"其他流动负债 七、43 14,490,612.40 16,209,459.30"
2015年报,2015年年度报告,BS,流动负债合计,2,1236219852.01,1100874847.23,,,"流动负债合计 1,236,219,852.01 1,100,874,847.23"
2015年报,2015年年度报告,BS,长期应付款,2,4377263.66,6626142.66,,,"长期应付款 七、46 4,377,263.66 6,626,142.66"
2015年报,2015年年度报告,BS,专项应付款,2,48244800.00,46098819.27,,,"专项应付款 七、48 48,244,800.00 46,098,819.27"
2015年报,2015年年度报告,BS,预计负债,2,12144461.73,10734596.72,,,"预计负债 七、49 12,144,461.73 10,734,596.72"
2015年报,2015年年度报告,BS,递延所得税负债,2,264954.71,12462.04,,,"递延所得税负债 264,954.71 12,462.04"
2015年报,2015年年度报告,BS,非流动负债合计,2,65031480.10,63472020.69,,,"非流动负债合计 65,031,480.10 63,472,020.69"
2015年报,2015年年度报告,BS,负债合计,2,1301251332.11,1164346867.92,,,"负债合计 1,301,251,332.11 1,164,346,867.92"
2015年报,2015年年度报告,BS,股本,2,239650000.00,239677300.00,,,"股本 七、51 239,650,000.00 239,677,300.00"
2015年报,2015年年度报告,BS,资本公积,2,1217540709.77,1216602496.70,,,"资本公积 七、53 1,217,540,709.77 1,216,602,496.70"
2015年报,2015年年度报告,BS,其他综合收益,2,-373150.41,-1656681.36,,,"其他综合收益 七、55 -373,150.41 -1,656,681.36"
2015年报,2015年年度报告,BS,盈余公积,2,144432400.85,115347969.97,,,"盈余公积 七、57 144,432,400.85 115,347,969.97"
2015年报,2015年年度报告,BS,未分配利润,2,493698499.97,416225295.69,,,"未分配利润 七、58 493,698,499.97 416,225,295.69"
2015年报,2015年年度报告,BS,归属于母公司所有者权益合计,2,2094948460.18,1986196381.00,,,"归属于母公司所有者权益合计 2,094,948,460.18 1,986,196,381.00"
2015年报,2015年年度报告,BS,少数股东权益,2,10602776.88,10091865.99,,,"少数股东权益 10,602,776.88 10,091,865.99"
2015年报,2015年年度报告,BS,所有者权益合计,2,2105551237.06,1996288246.99,,,"所有者权益合计 2,105,551,237.06 1,996,288,246.99"
2015年报,2015年年度报告,BS,负债和所有者权益总计,2,3406802569.17,3160635114.91,,,"负债和所有者权益总计 3,406,802,569.17 3,160,635,114.91"
2015年报,2015年年度报告,IS,营业总收入,2,2467518342.94,2016023652.51,,,"一、营业总收入 七、59 2,467,518,342.94 2,016,023,652.51"
2015年报,2015年年度报告,IS,其中：营业收入,2,2467518342.94,2016023652.51,,,"其中：营业收入 2,467,518,342.94 2,016,023,652.51"
2015年报,2015年年度报告,IS,营业总成本,2,2187837610.04,1752813959.23,,,"二、营业总成本 2,187,837,610.04 1,752,813,959.23"
2015年报,2015年年度报告,IS,其中：营业成本,2,1888726111.83,1531255564.95,,,"其中：营业成本 1,888,726,111.83 1,531,255,564.95"
2015年报,2015年年度报告,IS,营业税金及附加,2,10108145.31,8651887.09,,,"营业税金及附加 七、60 10,108,145.31 8,651,887.09"
2015年报,2015年年度报告,IS,销售费用,2,99674424.59,76417821.66,,,"销售费用 七、61 99,674,424.59 76,417,821.66"
2015年报,2015年年度报告,IS,管理费用,2,189773193.52,142388259.87,,,"管理费用 七、62 189,773,193.52 142,388,259.87"
2015年报,2015年年度报告,IS,财务费用,2,-1789999.22,-4490475.79,,,"财务费用 七、63 -1,789,999.22 -4,490,475.79"
2015年报,2015年年度报告,IS,资产减值损失,2,1345734.01,-1409098.55,,,"资产减值损失 七、64 1,345,734.01 -1,409,098.55"
2015年报,2015年年度报告,IS,投资收益（损失以“－”号填列）,2,41489974.54,47118771.53,,,"投资收益（损失以“－”号填列） 七、66 41,489,974.54 47,118,771.53"
2015年报,2015年年度报告,IS,营业利润（亏损以“－”号填列）,2,321170707.44,310328464.81,,,"三、营业利润（亏损以“－”号填列） 321,170,707.44 310,328,464.81"
2015年报,2015年年度报告,IS,加：营业外收入,2,20695257.31,8912595.75,,,"加：营业外收入 七、67 20,695,257.31 8,912,595.75"
2015年报,2015年年度报告,IS,其中：非流动资产处置利得,1,122793.48,,,,"其中：非流动资产处置利得 122,793.48"
2015年报,2015年年度报告,IS,减：营业外支出,2,3206397.07,3461432.96,,,"减：营业外支出 七、68 3,206,397.07 3,461,432.96"
2015年报,2015年年度报告,IS,其中：非流动资产处置损失,2,1229234.41,117628.08,,,"其中：非流动资产处置损失 1,229,234.41 117,628.08"
2015年报,2015年年度报告,IS,利润总额（亏损总额以“－”号填列）,2,338659567.68,315779627.60,,,"四、利润总额（亏损总额以“－”号填列） 338,659,567.68 315,779,627.60"
2015年报,2015年年度报告,IS,减：所得税费用,2,44909076.03,43372437.55,,,"减：所得税费用 七、69 44,909,076.03 43,372,437.55"
2015年报,2015年年度报告,IS,净利润（净亏损以“－”号填列）,2,293750491.65,272407190.05,,,"五、净利润（净亏损以“－”号填列） 293,750,491.65 272,407,190.05"
2015年报,2015年年度报告,IS,归属于母公司所有者的净利润,2,293484635.16,272703747.13,,,"归属于母公司所有者的净利润 293,484,635.16 272,703,747.13"
2015年报,2015年年度报告,IS,少数股东损益,2,265856.49,-296557.08,,,"少数股东损益 265,856.49 -296,557.08"
2015年报,2015年年度报告,IS,其他综合收益的税后净额,2,1528585.35,-2141508.86,,,"六、其他综合收益的税后净额 1,528,585.35 -2,141,508.86"
2015年报,2015年年度报告,IS,归属母公司所有者的其他综合收益的税,2,1283530.95,-1656681.36,,,"归属母公司所有者的其他综合收益的税 1,283,530.95 -1,656,681.36"
2015年报,2015年年度报告,IS,以后将重分类进损益的其他综合,2,1283530.95,-1656681.36,,,"（二）以后将重分类进损益的其他综合 1,283,530.95 -1,656,681.36"
2015年报,2015年年度报告,IS,外币财务报表折算差额,2,1283530.95,-1656681.36,,,"5.外币财务报表折算差额 1,283,530.95 -1,656,681.36"
2015年报,2015年年度报告,IS,归属于少数股东的其他综合收益的税后,2,245054.40,-484827.50,,,"归属于少数股东的其他综合收益的税后 245,054.40 -484,827.50"
2015年报,2015年年度报告,IS,综合收益总额,2,295279077.00,270265681.19,,,"七、综合收益总额 295,279,077.00 270,265,681.19"
2015年报,2015年年度报告,IS,归属于母公司所有者的综合收益总额,2,294768166.11,271047065.77,,,"归属于母公司所有者的综合收益总额 294,768,166.11 271,047,065.77"
2015年报,2015年年度报告,IS,归属于少数股东的综合收益总额,2,510910.89,-781384.58,,,"归属于少数股东的综合收益总额 510,910.89 -781,384.58"
2015年报,2015年年度报告,IS,基本每股收益(元/股),2,1.2246,1.1378,,,（一）基本每股收益(元/股) 1.2246 1.1378
2015年报,2015年年度报告,IS,本期发生同一控制下企业合并的，被合并方在合并前实现的净利润为,1,0,,,,"本期发生同一控制下企业合并的，被合并方在合并前实现的净利润为：0 元,上期被合并方实现的"
2015年报,2015年年度报告,IS,净利润为,1,0,,,,净利润为：0 元。
2015年报,2015年年度报告,CF,销售商品、提供劳务收到的现金,2,2077590448.93,1637945496.59,,,"销售商品、提供劳务收到的现金 2,077,590,448.93 1,637,945,496.59"
2015年报,2015年年度报告,CF,收到其他与经营活动有关的现金,2,28522146.16,41838324.02,,,"收到其他与经营活动有关的现金 七、70 28,522,146.16 41,838,324.02"
2015年报,2015年年度报告,CF,经营活动现金流入小计,2,2106112595.09,1679783820.61,,,"经营活动现金流入小计 2,106,112,595.09 1,679,783,820.61"
2015年报,2015年年度报告,CF,购买商品、接受劳务支付的现金,2,1297061033.65,799125507.11,,,"购买商品、接受劳务支付的现金 1,297,061,033.65 799,125,507.11"
2015年报,2015年年度报告,CF,支付给职工以及为职工支付的现金,2,281251105.14,203541540.56,,,"支付给职工以及为职工支付的现金 281,251,105.14 203,541,540.56"
2015年报,2015年年度报告,CF,支付的各项税费,2,136338762.46,139833546.35,,,"支付的各项税费 136,338,762.46 139,833,546.35"
2015年报,2015年年度报告,CF,支付其他与经营活动有关的现金,2,191834687.93,151356793.00,,,"支付其他与经营活动有关的现金 七、70 191,834,687.93 151,356,793.00"
2015年报,2015年年度报告,CF,经营活动现金流出小计,2,1906485589.18,1293857387.02,,,"经营活动现金流出小计 1,906,485,589.18 1,293,857,387.02"
2015年报,2015年年度报告,CF,经营活动产生的现金流量净额,2,199627005.91,385926433.59,,,"经营活动产生的现金流量净额 199,627,005.91 385,926,433.59"
2015年报,2015年年度报告,CF,收回投资收到的现金,2,941480000.00,573300000.00,,,"收回投资收到的现金 941,480,000.00 573,300,000.00"
2015年报,2015年年度报告,CF,取得投资收益收到的现金,2,41489974.54,47118771.53,,,"取得投资收益收到的现金 41,489,974.54 47,118,771.53"
2015年报,2015年年度报告,CF,处置固定资产、无形资产和其他长期资产收回的现金净额,2,861725.48,503901.09,,,"861,725.48 503,901.09"
2015年报,2015年年度报告,CF,收到其他与投资活动有关的现金,1,2761500.00,,,,"收到其他与投资活动有关的现金 七、70 2,761,500.00"
2015年报,2015年年度报告,CF,投资活动现金流入小计,2,986593200.02,620922672.62,,,"投资活动现金流入小计 986,593,200.02 620,922,672.62"
2015年报,2015年年度报告,CF,购建固定资产、无形资产和其他长,2,208381301.09,242300143.99,,,"购建固定资产、无形资产和其他长 208,381,301.09 242,300,143.99"
2015年报,2015年年度报告,CF,投资支付的现金,2,742800000.00,745284978.33,,,"投资支付的现金 742,800,000.00 745,284,978.33"
2015年报,2015年年度报告,CF,支付其他与投资活动有关的现金,2,3910000.00,2761500.00,,,"支付其他与投资活动有关的现金 七、70 3,910,000.00 2,761,500.00"
2015年报,2015年年度报告,CF,投资活动现金流出小计,2,955091301.09,990346622.32,,,"投资活动现金流出小计 955,091,301.09 990,346,622.32"
2015年报,2015年年度报告,CF,投资活动产生的现金流量净额,2,31501898.93,-369423949.70,,,"投资活动产生的现金流量净额 31,501,898.93 -369,423,949.70"
2015年报,2015年年度报告,CF,吸收投资收到的现金,1,43358.70,,,,"吸收投资收到的现金 43,358.70"
2015年报,2015年年度报告,CF,其中：子公司吸收少数股东投资收,1,43358.70,,,,"其中：子公司吸收少数股东投资收 43,358.70"
2015年报,2015年年度报告,CF,取得借款收到的现金,2,557384485.14,197798414.86,,,"取得借款收到的现金 557,384,485.14 197,798,414.86"
2015年报,2015年年度报告,CF,筹资活动现金流入小计,2,557384485.14,197841773.56,,,"筹资活动现金流入小计 557,384,485.14 197,841,773.56"
2015年报,2015年年度报告,CF,偿还债务支付的现金,2,535159235.84,295585936.09,,,"偿还债务支付的现金 535,159,235.84 295,585,936.09"
2015年报,2015年年度报告,CF,分配股利、利润或偿付利息支付的,2,190070071.52,176622779.86,,,"分配股利、利润或偿付利息支付的 190,070,071.52 176,622,779.86"
2015年报,2015年年度报告,CF,其中：子公司支付给少数股东的股,1,38195.85,,,,"其中：子公司支付给少数股东的股 38,195.85"
2015年报,2015年年度报告,CF,支付其他与筹资活动有关的现金,2,2451377.51,81898.50,,,"支付其他与筹资活动有关的现金 七、70 2,451,377.51 81,898.50"
2015年报,2015年年度报告,CF,筹资活动现金流出小计,2,727680684.87,472290614.45,,,"筹资活动现金流出小计 727,680,684.87 472,290,614.45"
2015年报,2015年年度报告,CF,筹资活动产生的现金流量净额,2,-170296199.73,-274448840.89,,,"筹资活动产生的现金流量净额 -170,296,199.73 -274,448,840.89"
2015年报,2015年年度报告,CF,汇率变动对现金及现金等价物的,2,2245665.41,-2621691.21,,,"四、汇率变动对现金及现金等价物的 2,245,665.41 -2,621,691.21"
2015年报,2015年年度报告,CF,现金及现金等价物净增加额,2,63078370.52,-260568048.21,,,"五、现金及现金等价物净增加额 63,078,370.52 -260,568,048.21"
2015年报,2015年年度报告,CF,加：期初现金及现金等价物余额,2,105930883.46,366498931.67,,,"加：期初现金及现金等价物余额 105,930,883.46 366,498,931.67"
2015年报,2015年年度报告,CF,期末现金及现金等价物余额,2,169009253.98,105930883.46,,,"六、期末现金及现金等价物余额 169,009,253.98 105,930,883.46"
2026H1,星宇股份2026年半年度报告,BS,货币资金,2,2738110328.12,2373348984.22,,,"货币资金 七、1 2,738,110,328.12 2,373,348,984.22"
2026H1,星宇股份2026年半年度报告,BS,交易性金融资产,2,909191751.40,1444626056.43,,,"交易性金融资产 七、2 909,191,751.40 1,444,626,056.43"
2026H1,星宇股份2026年半年度报告,BS,应收票据,2,2207921962.13,2639677888.47,,,"应收票据 七、4 2,207,921,962.13 2,639,677,888.47"
2026H1,星宇股份2026年半年度报告,BS,应收账款,2,4295145528.19,4509936010.00,,,"应收账款 七、5 4,295,145,528.19 4,509,936,010.00"
2026H1,星宇股份2026年半年度报告,BS,预付款项,2,39344995.49,31158008.54,,,"预付款项 七、8 39,344,995.49 31,158,008.54"
2026H1,星宇股份2026年半年度报告,BS,其他应收款,2,7777641.57,4760037.79,,,"其他应收款 七、9 7,777,641.57 4,760,037.79"
2026H1,星宇股份2026年半年度报告,BS,存货,2,2232558371.79,2575031933.60,,,"存货 七、10 2,232,558,371.79 2,575,031,933.60"
2026H1,星宇股份2026年半年度报告,BS,其他流动资产,2,63250377.78,19244357.06,,,"其他流动资产 七、13 63,250,377.78 19,244,357.06"
2026H1,星宇股份2026年半年度报告,BS,流动资产合计,2,12493300956.47,13597783276.11,,,"流动资产合计 12,493,300,956.47 13,597,783,276.11"
2026H1,星宇股份2026年半年度报告,BS,其他权益工具投资,2,635160750.19,656373762.19,,,"其他权益工具投资 七、18 635,160,750.19 656,373,762.19"
2026H1,星宇股份2026年半年度报告,BS,其他非流动金融资产,2,70000000.00,70000000.00,,,"其他非流动金融资产 七、19 70,000,000.00 70,000,000.00"
2026H1,星宇股份2026年半年度报告,BS,固定资产,2,4025462934.81,3792994314.70,,,"固定资产 七、21 4,025,462,934.81 3,792,994,314.70"
2026H1,星宇股份2026年半年度报告,BS,在建工程,2,401977494.81,255291891.04,,,"在建工程 七、22 401,977,494.81 255,291,891.04"
2026H1,星宇股份2026年半年度报告,BS,使用权资产,2,45461523.59,26647039.66,,,"使用权资产 七、25 45,461,523.59 26,647,039.66"
2026H1,星宇股份2026年半年度报告,BS,无形资产,2,625550347.04,533733250.90,,,"无形资产 七、26 625,550,347.04 533,733,250.90"
2026H1,星宇股份2026年半年度报告,BS,长期待摊费用,2,58544389.50,69069683.76,,,"长期待摊费用 七、28 58,544,389.50 69,069,683.76"
2026H1,星宇股份2026年半年度报告,BS,递延所得税资产,2,39281887.78,17014249.82,,,"递延所得税资产 七、29 39,281,887.78 17,014,249.82"
2026H1,星宇股份2026年半年度报告,BS,其他非流动资产,2,202367117.72,326320043.69,,,"其他非流动资产 七、30 202,367,117.72 326,320,043.69"
2026H1,星宇股份2026年半年度报告,BS,非流动资产合计,2,6103806445.44,5747444235.76,,,"非流动资产合计 6,103,806,445.44 5,747,444,235.76"
2026H1,星宇股份2026年半年度报告,BS,资产总计,2,18597107401.91,19345227511.87,,,"资产总计 18,597,107,401.91 19,345,227,511.87"
2026H1,星宇股份2026年半年度报告,BS,应付票据,2,3286971053.93,3162912401.96,,,"应付票据 七、35 3,286,971,053.93 3,162,912,401.96"
2026H1,星宇股份2026年半年度报告,BS,应付账款,2,3025416312.49,3654496909.57,,,"应付账款 七、36 3,025,416,312.49 3,654,496,909.57"
2026H1,星宇股份2026年半年度报告,BS,合同负债,2,5066145.50,36580363.44,,,"合同负债 七、38 5,066,145.50 36,580,363.44"
2026H1,星宇股份2026年半年度报告,BS,应付职工薪酬,2,90238560.18,166809053.61,,,"应付职工薪酬 七、39 90,238,560.18 166,809,053.61"
2026H1,星宇股份2026年半年度报告,BS,应交税费,2,46440216.21,158818445.40,,,"应交税费 七、40 46,440,216.21 158,818,445.40"
2026H1,星宇股份2026年半年度报告,BS,其他应付款,2,4723032.23,3532326.96,,,"其他应付款 七、41 4,723,032.23 3,532,326.96"
2026H1,星宇股份2026年半年度报告,BS,一年内到期的非流动负债,2,16398617.48,13082683.07,,,"一年内到期的非流动负债 七、43 16,398,617.48 13,082,683.07"
2026H1,星宇股份2026年半年度报告,BS,其他流动负债,2,199000597.43,158014382.20,,,"其他流动负债 199,000,597.43 158,014,382.20"
2026H1,星宇股份2026年半年度报告,BS,流动负债合计,2,6674254535.45,7354246566.21,,,"流动负债合计 6,674,254,535.45 7,354,246,566.21"
2026H1,星宇股份2026年半年度报告,BS,租赁负债,2,30900063.42,14303834.87,,,"租赁负债 七、47 30,900,063.42 14,303,834.87"
2026H1,星宇股份2026年半年度报告,BS,长期应付款,2,105337130.85,116835543.81,,,"长期应付款 七、48 105,337,130.85 116,835,543.81"
2026H1,星宇股份2026年半年度报告,BS,递延收益,2,378848775.58,405197040.70,,,"递延收益 七、51 378,848,775.58 405,197,040.70"
2026H1,星宇股份2026年半年度报告,BS,递延所得税负债,2,76254539.53,56394058.76,,,"递延所得税负债 七、29 76,254,539.53 56,394,058.76"
2026H1,星宇股份2026年半年度报告,BS,非流动负债合计,2,591340509.38,592730478.14,,,"非流动负债合计 591,340,509.38 592,730,478.14"
2026H1,星宇股份2026年半年度报告,BS,负债合计,2,7265595044.83,7946977044.35,,,"负债合计 7,265,595,044.83 7,946,977,044.35"
2026H1,星宇股份2026年半年度报告,BS,实收资本（或股本）,2,285679419.00,285679419.00,,,"实收资本（或股本） 七、53 285,679,419.00 285,679,419.00"
2026H1,星宇股份2026年半年度报告,BS,资本公积,2,4126075393.27,4150316689.11,,,"资本公积 七、55 4,126,075,393.27 4,150,316,689.11"
2026H1,星宇股份2026年半年度报告,BS,减：库存股,2,283541378.67,253285258.50,,,"减：库存股 七、56 283,541,378.67 253,285,258.50"
2026H1,星宇股份2026年半年度报告,BS,其他综合收益,2,-50929262.86,125296534.85,,,"其他综合收益 七、57 -50,929,262.86 125,296,534.85"
2026H1,星宇股份2026年半年度报告,BS,盈余公积,2,179346065.82,179346065.82,,,"盈余公积 七、59 179,346,065.82 179,346,065.82"
2026H1,星宇股份2026年半年度报告,BS,未分配利润,2,7071903270.68,6910897017.24,,,"未分配利润 七、60 7,071,903,270.68 6,910,897,017.24"
2026H1,星宇股份2026年半年度报告,BS,归属于母公司所有者权益（或股东权益）合计,2,11328533507.24,11398250467.52,,,"11,328,533,507.24 11,398,250,467.52"
2026H1,星宇股份2026年半年度报告,BS,少数股东权益,1,2978849.84,,,,"少数股东权益 2,978,849.84"
2026H1,星宇股份2026年半年度报告,BS,所有者权益（或股东权益）合计,2,11331512357.08,11398250467.52,,,"11,331,512,357.08 11,398,250,467.52"
2026H1,星宇股份2026年半年度报告,BS,负债和所有者权益（或股东权益）总计,2,18597107401.91,19345227511.87,,,"18,597,107,401.91 19,345,227,511.87"
2026H1,星宇股份2026年半年度报告,IS,营业总收入,2,6883768300.55,6757210761.85,,,"一、营业总收入 6,883,768,300.55 6,757,210,761.85"
2026H1,星宇股份2026年半年度报告,IS,其中：营业收入,2,6883768300.55,6757210761.85,,,"其中：营业收入 七、61 6,883,768,300.55 6,757,210,761.85"
2026H1,星宇股份2026年半年度报告,IS,营业总成本,2,6313029559.30,6078197744.09,,,"二、营业总成本 6,313,029,559.30 6,078,197,744.09"
2026H1,星宇股份2026年半年度报告,IS,其中：营业成本,2,5592309847.22,5455112314.33,,,"其中：营业成本 七、61 5,592,309,847.22 5,455,112,314.33"
2026H1,星宇股份2026年半年度报告,IS,税金及附加,2,36585756.52,36852197.89,,,"税金及附加 七、62 36,585,756.52 36,852,197.89"
2026H1,星宇股份2026年半年度报告,IS,销售费用,2,23881519.97,26274570.72,,,"销售费用 七、63 23,881,519.97 26,274,570.72"
2026H1,星宇股份2026年半年度报告,IS,管理费用,2,161340535.94,158590299.15,,,"管理费用 七、64 161,340,535.94 158,590,299.15"
2026H1,星宇股份2026年半年度报告,IS,研发费用,2,476125369.24,410280271.17,,,"研发费用 七、65 476,125,369.24 410,280,271.17"
2026H1,星宇股份2026年半年度报告,IS,财务费用,2,22786530.41,-8911909.17,,,"财务费用 七、66 22,786,530.41 -8,911,909.17"
2026H1,星宇股份2026年半年度报告,IS,其中：利息费用,2,5337699.36,5160969.52,,,"其中：利息费用 5,337,699.36 5,160,969.52"
2026H1,星宇股份2026年半年度报告,IS,利息收入,2,2178446.86,5160758.64,,,"利息收入 2,178,446.86 5,160,758.64"
2026H1,星宇股份2026年半年度报告,IS,加：其他收益,2,99285831.69,77730043.92,,,"加：其他收益 七、67 99,285,831.69 77,730,043.92"
2026H1,星宇股份2026年半年度报告,IS,投资收益（损失以“-”号填列）,1,4813529.66,,,,"七、68 4,813,529.66"
2026H1,星宇股份2026年半年度报告,IS,公允价值变动收益（损失以“-”号填列）,2,19078587.17,21434526.15,,,"七、70 19,078,587.17 21,434,526.15"
2026H1,星宇股份2026年半年度报告,IS,信用减值损失（损失以“-”号填列）,2,11599954.96,6560825.95,,,"七、71 11,599,954.96 6,560,825.95"
2026H1,星宇股份2026年半年度报告,IS,资产减值损失（损失以“-”号填列）,2,9429616.11,-12559056.71,,,"七、72 9,429,616.11 -12,559,056.71"
2026H1,星宇股份2026年半年度报告,IS,资产处置收益（损失以“-”号填列）,2,-3054455.65,-555058.01,,,"七、73 -3,054,455.65 -555,058.01"
2026H1,星宇股份2026年半年度报告,IS,营业利润（亏损以“-”号填列）,2,711891805.19,771624299.06,,,"711,891,805.19 771,624,299.06"
2026H1,星宇股份2026年半年度报告,IS,加：营业外收入,2,1868495.63,2386537.39,,,"加：营业外收入 七、74 1,868,495.63 2,386,537.39"
2026H1,星宇股份2026年半年度报告,IS,减：营业外支出,2,1842385.24,2050731.53,,,"减：营业外支出 七、75 1,842,385.24 2,050,731.53"
2026H1,星宇股份2026年半年度报告,IS,利润总额（亏损总额以“-”号填列）,2,711917915.58,771960104.92,,,"711,917,915.58 771,960,104.92"
2026H1,星宇股份2026年半年度报告,IS,减：所得税费用,2,42627984.10,65521528.80,,,"减：所得税费用 七、76 42,627,984.10 65,521,528.80"
2026H1,星宇股份2026年半年度报告,IS,净利润（净亏损以“-”号填列）,2,669289931.48,706438576.12,,,"五、净利润（净亏损以“-”号填列） 669,289,931.48 706,438,576.12"
2026H1,星宇股份2026年半年度报告,IS,持续经营净利润（净亏损以“-”号填列）,2,669289931.48,706438576.12,,,"669,289,931.48 706,438,576.12"
2026H1,星宇股份2026年半年度报告,IS,归属于母公司股东的净利润（净亏损以“-”号填列）,2,669311081.64,706438576.12,,,"669,311,081.64 706,438,576.12"
2026H1,星宇股份2026年半年度报告,IS,少数股东损益（净亏损以“-”号填列）,1,-21150.16,,,,"-21,150.16"
2026H1,星宇股份2026年半年度报告,IS,其他综合收益的税后净额,2,-176225797.71,110195250.87,,,"六、其他综合收益的税后净额 -176,225,797.71 110,195,250.87"
2026H1,星宇股份2026年半年度报告,IS,归属母公司所有者的其他综合收益的税后净额,2,-176225797.71,110195250.87,,,"-176,225,797.71 110,195,250.87"
2026H1,星宇股份2026年半年度报告,IS,不能重分类进损益的其他综合收益,2,-123539927.40,48129831.12,,,"-123,539,927.40 48,129,831.12"
2026H1,星宇股份2026年半年度报告,IS,其他权益工具投资公允价值变动,2,-123539927.40,48129831.12,,,"-123,539,927.40 48,129,831.12"
2026H1,星宇股份2026年半年度报告,IS,将重分类进损益的其他综合收益,2,-52685870.31,62065419.75,,,"-52,685,870.31 62,065,419.75"
2026H1,星宇股份2026年半年度报告,IS,外币财务报表折算差额,2,-52685870.31,62065419.75,,,"（6）外币财务报表折算差额 -52,685,870.31 62,065,419.75"
2026H1,星宇股份2026年半年度报告,IS,综合收益总额,2,493064133.77,816633826.99,,,"七、综合收益总额 493,064,133.77 816,633,826.99"
2026H1,星宇股份2026年半年度报告,IS,归属于母公司所有者的综合收益总额,2,493085283.93,816633826.99,,,"493,085,283.93 816,633,826.99"
2026H1,星宇股份2026年半年度报告,IS,归属于少数股东的综合收益总额,1,-21150.16,,,,"-21,150.16"
2026H1,星宇股份2026年半年度报告,IS,基本每股收益(元/股),2,2.3773,2.4895,,,（一）基本每股收益(元/股) 2.3773 2.4895
2026H1,星宇股份2026年半年度报告,IS,稀释每股收益(元/股),2,2.3613,2.4872,,,（二）稀释每股收益(元/股) 2.3613 2.4872
2026H1,星宇股份2026年半年度报告,CF,销售商品、提供劳务收到的现金,2,8044056888.62,7155138466.56,,,"销售商品、提供劳务收到的现金 8,044,056,888.62 7,155,138,466.56"
2026H1,星宇股份2026年半年度报告,CF,收到的税费返还,2,16506309.45,20428982.43,,,"收到的税费返还 16,506,309.45 20,428,982.43"
2026H1,星宇股份2026年半年度报告,CF,收到其他与经营活动有关的现金,2,51474744.55,109004464.96,,,"收到其他与经营活动有关的现金 七、78（1） 51,474,744.55 109,004,464.96"
2026H1,星宇股份2026年半年度报告,CF,经营活动现金流入小计,2,8112037942.62,7284571913.95,,,"经营活动现金流入小计 8,112,037,942.62 7,284,571,913.95"
2026H1,星宇股份2026年半年度报告,CF,购买商品、接受劳务支付的现金,2,6035482073.59,4925039343.81,,,"购买商品、接受劳务支付的现金 6,035,482,073.59 4,925,039,343.81"
2026H1,星宇股份2026年半年度报告,CF,支付给职工及为职工支付的现金,2,724404266.78,692913336.50,,,"支付给职工及为职工支付的现金 724,404,266.78 692,913,336.50"
2026H1,星宇股份2026年半年度报告,CF,支付的各项税费,2,281753015.64,310319532.66,,,"支付的各项税费 281,753,015.64 310,319,532.66"
2026H1,星宇股份2026年半年度报告,CF,支付其他与经营活动有关的现金,2,79316773.71,157937997.37,,,"支付其他与经营活动有关的现金 七、78（1） 79,316,773.71 157,937,997.37"
2026H1,星宇股份2026年半年度报告,CF,经营活动现金流出小计,2,7120956129.72,6086210210.34,,,"经营活动现金流出小计 7,120,956,129.72 6,086,210,210.34"
2026H1,星宇股份2026年半年度报告,CF,经营活动产生的现金流量净额,2,991081812.90,1198361703.61,,,"991,081,812.90 1,198,361,703.61"
2026H1,星宇股份2026年半年度报告,CF,收回投资收到的现金,2,3077873715.80,2659368824.55,,,"收回投资收到的现金 3,077,873,715.80 2,659,368,824.55"
2026H1,星宇股份2026年半年度报告,CF,取得投资收益收到的现金,2,21863297.53,21776589.70,,,"取得投资收益收到的现金 21,863,297.53 21,776,589.70"
2026H1,星宇股份2026年半年度报告,CF,处置固定资产、无形资产和其他长期资产收回的现金净额,2,10920464.45,4967683.01,,,"10,920,464.45 4,967,683.01"
2026H1,星宇股份2026年半年度报告,CF,投资活动现金流入小计,2,3110657477.78,2686113097.26,,,"投资活动现金流入小计 3,110,657,477.78 2,686,113,097.26"
2026H1,星宇股份2026年半年度报告,CF,购建固定资产、无形资产和其他长期资产支付的现金,2,430013486.71,449215205.74,,,"430,013,486.71 449,215,205.74"
2026H1,星宇股份2026年半年度报告,CF,投资支付的现金,2,2624493856.00,3155000000.00,,,"投资支付的现金 2,624,493,856.00 3,155,000,000.00"
2026H1,星宇股份2026年半年度报告,CF,投资活动现金流出小计,2,3054507342.71,3604215205.74,,,"投资活动现金流出小计 3,054,507,342.71 3,604,215,205.74"
2026H1,星宇股份2026年半年度报告,CF,投资活动产生的现金流量净额,2,56150135.07,-918102108.48,,,"56,150,135.07 -918,102,108.48"
2026H1,星宇股份2026年半年度报告,CF,吸收投资收到的现金,1,3000000.00,,,,"吸收投资收到的现金 3,000,000.00"
2026H1,星宇股份2026年半年度报告,CF,其中：子公司吸收少数股东投资收到的现金,1,3000000.00,,,,"3,000,000.00"
2026H1,星宇股份2026年半年度报告,CF,筹资活动现金流入小计,1,3000000.00,,,,"筹资活动现金流入小计 3,000,000.00"
2026H1,星宇股份2026年半年度报告,CF,分配股利、利润或偿付利息支付的现金,2,508821817.97,369600717.20,,,"508,821,817.97 369,600,717.20"
2026H1,星宇股份2026年半年度报告,CF,支付其他与筹资活动有关的现金,2,139564427.19,8137984.49,,,"支付其他与筹资活动有关的现金 七、78（3） 139,564,427.19 8,137,984.49"
2026H1,星宇股份2026年半年度报告,CF,筹资活动现金流出小计,2,648386245.16,377738701.69,,,"筹资活动现金流出小计 648,386,245.16 377,738,701.69"
2026H1,星宇股份2026年半年度报告,CF,筹资活动产生的现金流量净额,2,-645386245.16,-377738701.69,,,"-645,386,245.16 -377,738,701.69"
2026H1,星宇股份2026年半年度报告,CF,汇率变动对现金及现金等价物的影响,2,-34640458.91,82653175.73,,,"-34,640,458.91 82,653,175.73"
2026H1,星宇股份2026年半年度报告,CF,现金及现金等价物净增加额,2,367205243.90,-14825930.83,,,"五、现金及现金等价物净增加额 367,205,243.90 -14,825,930.83"
2026H1,星宇股份2026年半年度报告,CF,加：期初现金及现金等价物余额,2,2343875084.22,1925079016.90,,,"加：期初现金及现金等价物余额 2,343,875,084.22 1,925,079,016.90"
2026H1,星宇股份2026年半年度报告,CF,期末现金及现金等价物余额,2,2711080328.12,1910253086.07,,,"六、期末现金及现金等价物余额 2,711,080,328.12 1,910,253,086.07"
2026Q1,星宇股份2026年第一季度报告,BS,货币资金,2,2109382834.83,2373348984.22,,,"货币资金 2,109,382,834.83 2,373,348,984.22"
2026Q1,星宇股份2026年第一季度报告,BS,交易性金融资产,2,1726947362.59,1444626056.43,,,"交易性金融资产 1,726,947,362.59 1,444,626,056.43"
2026Q1,星宇股份2026年第一季度报告,BS,应收票据,2,2946960562.38,2639677888.47,,,"应收票据 2,946,960,562.38 2,639,677,888.47"
2026Q1,星宇股份2026年第一季度报告,BS,应收账款,2,4053489242.63,4509936010.00,,,"应收账款 4,053,489,242.63 4,509,936,010.00"
2026Q1,星宇股份2026年第一季度报告,BS,预付款项,2,29984948.11,31158008.54,,,"预付款项 29,984,948.11 31,158,008.54"
2026Q1,星宇股份2026年第一季度报告,BS,其他应收款,2,6338891.62,4760037.79,,,"其他应收款 6,338,891.62 4,760,037.79"
2026Q1,星宇股份2026年第一季度报告,BS,存货,2,2317969411.65,2575031933.60,,,"存货 2,317,969,411.65 2,575,031,933.60"
2026Q1,星宇股份2026年第一季度报告,BS,其他流动资产,2,37685462.10,19244357.06,,,"其他流动资产 37,685,462.10 19,244,357.06"
2026Q1,星宇股份2026年第一季度报告,BS,流动资产合计,2,13228758715.91,13597783276.11,,,"流动资产合计 13,228,758,715.91 13,597,783,276.11"
2026Q1,星宇股份2026年第一季度报告,BS,其他权益工具投资,2,621057818.89,656373762.19,,,"其他权益工具投资 621,057,818.89 656,373,762.19"
2026Q1,星宇股份2026年第一季度报告,BS,其他非流动金融资产,2,70000000.00,70000000.00,,,"其他非流动金融资产 70,000,000.00 70,000,000.00"
2026Q1,星宇股份2026年第一季度报告,BS,固定资产,2,3930312743.99,3792994314.70,,,"固定资产 3,930,312,743.99 3,792,994,314.70"
2026Q1,星宇股份2026年第一季度报告,BS,在建工程,2,284189318.70,255291891.04,,,"在建工程 284,189,318.70 255,291,891.04"
2026Q1,星宇股份2026年第一季度报告,BS,使用权资产,2,23131757.49,26647039.66,,,"使用权资产 23,131,757.49 26,647,039.66"
2026Q1,星宇股份2026年第一季度报告,BS,无形资产,2,519804072.33,533733250.90,,,"无形资产 519,804,072.33 533,733,250.90"
2026Q1,星宇股份2026年第一季度报告,BS,长期待摊费用,2,64177353.07,69069683.76,,,"长期待摊费用 64,177,353.07 69,069,683.76"
2026Q1,星宇股份2026年第一季度报告,BS,递延所得税资产,2,24329064.67,17014249.82,,,"递延所得税资产 24,329,064.67 17,014,249.82"
2026Q1,星宇股份2026年第一季度报告,BS,其他非流动资产,2,341308182.62,326320043.69,,,"其他非流动资产 341,308,182.62 326,320,043.69"
2026Q1,星宇股份2026年第一季度报告,BS,非流动资产合计,2,5878310311.76,5747444235.76,,,"非流动资产合计 5,878,310,311.76 5,747,444,235.76"
2026Q1,星宇股份2026年第一季度报告,BS,资产总计,2,19107069027.67,19345227511.87,,,"资产总计 19,107,069,027.67 19,345,227,511.87"
2026Q1,星宇股份2026年第一季度报告,BS,应付票据,2,3454218082.25,3162912401.96,,,"应付票据 3,454,218,082.25 3,162,912,401.96"
2026Q1,星宇股份2026年第一季度报告,BS,应付账款,2,3077380258.81,3654496909.57,,,"应付账款 3,077,380,258.81 3,654,496,909.57"
2026Q1,星宇股份2026年第一季度报告,BS,合同负债,2,4028265.34,36580363.44,,,"合同负债 4,028,265.34 36,580,363.44"
2026Q1,星宇股份2026年第一季度报告,BS,应付职工薪酬,2,102826388.85,166809053.61,,,"应付职工薪酬 102,826,388.85 166,809,053.61"
2026Q1,星宇股份2026年第一季度报告,BS,应交税费,2,109957726.89,158818445.40,,,"应交税费 109,957,726.89 158,818,445.40"
2026Q1,星宇股份2026年第一季度报告,BS,其他应付款,2,4130508.31,3532326.96,,,"其他应付款 4,130,508.31 3,532,326.96"
2026Q1,星宇股份2026年第一季度报告,BS,一年内到期的非流动负债,2,12105694.26,13082683.07,,,"一年内到期的非流动负债 12,105,694.26 13,082,683.07"
2026Q1,星宇股份2026年第一季度报告,BS,其他流动负债,2,181412151.71,158014382.20,,,"其他流动负债 181,412,151.71 158,014,382.20"
2026Q1,星宇股份2026年第一季度报告,BS,流动负债合计,2,6946059076.42,7354246566.21,,,"流动负债合计 6,946,059,076.42 7,354,246,566.21"
2026Q1,星宇股份2026年第一季度报告,BS,租赁负债,2,11283434.57,14303834.87,,,"租赁负债 11,283,434.57 14,303,834.87"
2026Q1,星宇股份2026年第一季度报告,BS,长期应付款,2,116835543.81,116835543.81,,,"长期应付款 116,835,543.81 116,835,543.81"
2026Q1,星宇股份2026年第一季度报告,BS,递延收益,2,384847407.30,405197040.70,,,"递延收益 384,847,407.30 405,197,040.70"
2026Q1,星宇股份2026年第一季度报告,BS,递延所得税负债,2,75022781.95,56394058.76,,,"递延所得税负债 75,022,781.95 56,394,058.76"
2026Q1,星宇股份2026年第一季度报告,BS,非流动负债合计,2,587989167.63,592730478.14,,,"非流动负债合计 587,989,167.63 592,730,478.14"
2026Q1,星宇股份2026年第一季度报告,BS,负债合计,2,7534048244.05,7946977044.35,,,"负债合计 7,534,048,244.05 7,946,977,044.35"
2026Q1,星宇股份2026年第一季度报告,BS,实收资本（或股本）,2,285679419.00,285679419.00,,,"实收资本（或股本） 285,679,419.00 285,679,419.00"
2026Q1,星宇股份2026年第一季度报告,BS,资本公积,2,4159082287.61,4150316689.11,,,"资本公积 4,159,082,287.61 4,150,316,689.11"
2026Q1,星宇股份2026年第一季度报告,BS,减：库存股,2,364256548.46,253285258.50,,,"减：库存股 364,256,548.46 253,285,258.50"
2026Q1,星宇股份2026年第一季度报告,BS,其他综合收益,2,44116050.23,125296534.85,,,"其他综合收益 44,116,050.23 125,296,534.85"
2026Q1,星宇股份2026年第一季度报告,BS,盈余公积,2,179346065.82,179346065.82,,,"盈余公积 179,346,065.82 179,346,065.82"
2026Q1,星宇股份2026年第一季度报告,BS,未分配利润,2,7266053726.13,6910897017.24,,,"未分配利润 7,266,053,726.13 6,910,897,017.24"
2026Q1,星宇股份2026年第一季度报告,BS,归属于母公司所有者权益（或股东权益）合计,2,11570021000.33,11398250467.52,,,"归属于母公司所有者权益（或股东权益）合计 11,570,021,000.33 11,398,250,467.52"
2026Q1,星宇股份2026年第一季度报告,BS,少数股东权益,1,2999783.29,,,,"少数股东权益 2,999,783.29"
2026Q1,星宇股份2026年第一季度报告,BS,所有者权益（或股东权益）合计,2,11573020783.62,11398250467.52,,,"所有者权益（或股东权益）合计 11,573,020,783.62 11,398,250,467.52"
2026Q1,星宇股份2026年第一季度报告,BS,负债和所有者权益（或股东权益）总计,2,19107069027.67,19345227511.87,,,"负债和所有者权益（或股东权益）总计 19,107,069,027.67 19,345,227,511.87"
2026Q1,星宇股份2026年第一季度报告,IS,项目,2,2026,2025,,,项目 2026年第一季度 2025年第一季度
2026Q1,星宇股份2026年第一季度报告,IS,营业总收入,2,3429874326.99,3094510069.22,,,"一、营业总收入 3,429,874,326.99 3,094,510,069.22"
2026Q1,星宇股份2026年第一季度报告,IS,其中：营业收入,2,3429874326.99,3094510069.22,,,"其中：营业收入 3,429,874,326.99 3,094,510,069.22"
2026Q1,星宇股份2026年第一季度报告,IS,营业总成本,2,3123585598.34,2798382441.41,,,"二、营业总成本 3,123,585,598.34 2,798,382,441.41"
2026Q1,星宇股份2026年第一季度报告,IS,其中：营业成本,2,2766807778.42,2511719349.39,,,"其中：营业成本 2,766,807,778.42 2,511,719,349.39"
2026Q1,星宇股份2026年第一季度报告,IS,税金及附加,2,22327344.77,16323989.56,,,"税金及附加 22,327,344.77 16,323,989.56"
2026Q1,星宇股份2026年第一季度报告,IS,销售费用,2,10739480.42,11309437.96,,,"销售费用 10,739,480.42 11,309,437.96"
2026Q1,星宇股份2026年第一季度报告,IS,管理费用,2,80361345.44,69731712.27,,,"管理费用 80,361,345.44 69,731,712.27"
2026Q1,星宇股份2026年第一季度报告,IS,研发费用,2,228989613.87,185966052.50,,,"研发费用 228,989,613.87 185,966,052.50"
2026Q1,星宇股份2026年第一季度报告,IS,财务费用,2,14360035.42,3331899.73,,,"财务费用 14,360,035.42 3,331,899.73"
2026Q1,星宇股份2026年第一季度报告,IS,其中：利息费用,2,3548023.47,4373230.37,,,"其中：利息费用 3,548,023.47 4,373,230.37"
2026Q1,星宇股份2026年第一季度报告,IS,利息收入,2,1398932.99,2182612.74,,,"利息收入 1,398,932.99 2,182,612.74"
2026Q1,星宇股份2026年第一季度报告,IS,加：其他收益,2,41831574.95,36924575.48,,,"加：其他收益 41,831,574.95 36,924,575.48"
2026Q1,星宇股份2026年第一季度报告,IS,投资收益（损失以“-”号填列）,1,532274.00,,,,"投资收益（损失以“-”号填列） 532,274.00"
2026Q1,星宇股份2026年第一季度报告,IS,公允价值变动收益（损失以“-”号填列）,2,8327583.86,9971965.51,,,"公允价值变动收益（损失以“-”号填列） 8,327,583.86 9,971,965.51"
2026Q1,星宇股份2026年第一季度报告,IS,信用减值损失（损失以“-”号填列）,2,23806170.37,18776636.16,,,"信用减值损失（损失以“-”号填列） 23,806,170.37 18,776,636.16"
2026Q1,星宇股份2026年第一季度报告,IS,资产减值损失（损失以“-”号填列）,2,437041.67,401961.80,,,"资产减值损失（损失以“-”号填列） 437,041.67 401,961.80"
2026Q1,星宇股份2026年第一季度报告,IS,资产处置收益（损失以“-”号填列）,2,-208679.93,-481330.07,,,"资产处置收益（损失以“-”号填列） -208,679.93 -481,330.07"
2026Q1,星宇股份2026年第一季度报告,IS,营业利润（亏损以“-”号填列）,2,381014693.57,361721436.69,,,"三、营业利润（亏损以“-”号填列） 381,014,693.57 361,721,436.69"
2026Q1,星宇股份2026年第一季度报告,IS,加：营业外收入,2,1186559.16,1121340.12,,,"加：营业外收入 1,186,559.16 1,121,340.12"
2026Q1,星宇股份2026年第一季度报告,IS,减：营业外支出,2,382721.18,586085.34,,,"减：营业外支出 382,721.18 586,085.34"
2026Q1,星宇股份2026年第一季度报告,IS,利润总额（亏损总额以“-”号填列）,2,381818531.55,362256691.47,,,"四、利润总额（亏损总额以“-”号填列） 381,818,531.55 362,256,691.47"
2026Q1,星宇股份2026年第一季度报告,IS,减：所得税费用,2,26662039.37,40137923.71,,,"减：所得税费用 26,662,039.37 40,137,923.71"
2026Q1,星宇股份2026年第一季度报告,IS,净利润（净亏损以“-”号填列）,2,355156492.18,322118767.76,,,"五、净利润（净亏损以“-”号填列） 355,156,492.18 322,118,767.76"
2026Q1,星宇股份2026年第一季度报告,IS,持续经营净利润（净亏损以“-”号填列）,2,355156492.18,322118767.76,,,"1.持续经营净利润（净亏损以“-”号填列） 355,156,492.18 322,118,767.76"
2026Q1,星宇股份2026年第一季度报告,IS,归属于母公司股东的净利润（净亏损以“-”号填列）,2,355156708.89,322118767.76,,,"355,156,708.89 322,118,767.76"
2026Q1,星宇股份2026年第一季度报告,IS,少数股东损益（净亏损以“-”号填列）,1,-216.71,,,,2.少数股东损益（净亏损以“-”号填列） -216.71
2026Q1,星宇股份2026年第一季度报告,IS,其他综合收益的税后净额,2,-81180484.62,72296850.92,,,"六、其他综合收益的税后净额 -81,180,484.62 72,296,850.92"
2026Q1,星宇股份2026年第一季度报告,IS,归属母公司所有者的其他综合收益的税后净额,2,-81180484.62,72296850.92,,,"-81,180,484.62 72,296,850.92"
2026Q1,星宇股份2026年第一季度报告,IS,不能重分类进损益的其他综合收益,2,-49137773.54,53195234.41,,,"1．不能重分类进损益的其他综合收益 -49,137,773.54 53,195,234.41"
2026Q1,星宇股份2026年第一季度报告,IS,其他权益工具投资公允价值变动,2,-49137773.54,53195234.41,,,"（3）其他权益工具投资公允价值变动 -49,137,773.54 53,195,234.41"
2026Q1,星宇股份2026年第一季度报告,IS,将重分类进损益的其他综合收益,2,-32042711.08,19101616.51,,,"2．将重分类进损益的其他综合收益 -32,042,711.08 19,101,616.51"
2026Q1,星宇股份2026年第一季度报告,IS,外币财务报表折算差额,2,-32042711.08,19101616.51,,,"（6）外币财务报表折算差额 -32,042,711.08 19,101,616.51"
2026Q1,星宇股份2026年第一季度报告,IS,综合收益总额,2,273976007.56,394415618.68,,,"七、综合收益总额 273,976,007.56 394,415,618.68"
2026Q1,星宇股份2026年第一季度报告,IS,归属于母公司所有者的综合收益总额,2,273976224.27,394415618.68,,,"（一）归属于母公司所有者的综合收益总额 273,976,224.27 394,415,618.68"
2026Q1,星宇股份2026年第一季度报告,IS,归属于少数股东的综合收益总额,1,-216.71,,,,（二）归属于少数股东的综合收益总额 -216.71
2026Q1,星宇股份2026年第一季度报告,IS,基本每股收益(元/股),2,1.2584,1.1351,,,（一）基本每股收益(元/股) 1.2584 1.1351
2026Q1,星宇股份2026年第一季度报告,IS,稀释每股收益(元/股),2,1.2506,1.1276,,,（二）稀释每股收益(元/股) 1.2506 1.1276
2026Q1,星宇股份2026年第一季度报告,CF,项目,2,2026,2025,,,项目 2026年第一季度 2025年第一季度
2026Q1,星宇股份2026年第一季度报告,CF,销售商品、提供劳务收到的现金,2,3789818445.47,3527669671.34,,,"销售商品、提供劳务收到的现金 3,789,818,445.47 3,527,669,671.34"
2026Q1,星宇股份2026年第一季度报告,CF,收到的税费返还,2,7966745.48,11221125.56,,,"收到的税费返还 7,966,745.48 11,221,125.56"
2026Q1,星宇股份2026年第一季度报告,CF,收到其他与经营活动有关的现金,2,1511082.83,25035994.37,,,"收到其他与经营活动有关的现金 1,511,082.83 25,035,994.37"
2026Q1,星宇股份2026年第一季度报告,CF,经营活动现金流入小计,2,3799296273.78,3563926791.27,,,"经营活动现金流入小计 3,799,296,273.78 3,563,926,791.27"
2026Q1,星宇股份2026年第一季度报告,CF,购买商品、接受劳务支付的现金,2,2654977794.11,2637324150.04,,,"购买商品、接受劳务支付的现金 2,654,977,794.11 2,637,324,150.04"
2026Q1,星宇股份2026年第一季度报告,CF,支付给职工及为职工支付的现金,2,485562707.22,367218990.62,,,"支付给职工及为职工支付的现金 485,562,707.22 367,218,990.62"
2026Q1,星宇股份2026年第一季度报告,CF,支付的各项税费,2,161595259.41,138533775.14,,,"支付的各项税费 161,595,259.41 138,533,775.14"
2026Q1,星宇股份2026年第一季度报告,CF,支付其他与经营活动有关的现金,2,76105147.39,32237448.21,,,"支付其他与经营活动有关的现金 76,105,147.39 32,237,448.21"
2026Q1,星宇股份2026年第一季度报告,CF,经营活动现金流出小计,2,3378240908.13,3175314364.01,,,"经营活动现金流出小计 3,378,240,908.13 3,175,314,364.01"
2026Q1,星宇股份2026年第一季度报告,CF,经营活动产生的现金流量净额,2,421055365.65,388612427.26,,,"经营活动产生的现金流量净额 421,055,365.65 388,612,427.26"
2026Q1,星宇股份2026年第一季度报告,CF,收回投资收到的现金,2,1763040237.08,1320038349.76,,,"收回投资收到的现金 1,763,040,237.08 1,320,038,349.76"
2026Q1,星宇股份2026年第一季度报告,CF,取得投资收益收到的现金,2,7802389.45,10630467.96,,,"取得投资收益收到的现金 7,802,389.45 10,630,467.96"
2026Q1,星宇股份2026年第一季度报告,CF,处置固定资产、无形资产和其他长期资产收回的现金净额,2,2420478.55,453696.78,,,"2,420,478.55 453,696.78"
2026Q1,星宇股份2026年第一季度报告,CF,投资活动现金流入小计,2,1773263105.08,1331122514.50,,,"投资活动现金流入小计 1,773,263,105.08 1,331,122,514.50"
2026Q1,星宇股份2026年第一季度报告,CF,购建固定资产、无形资产和其他长期资产支付的现金,2,260911125.29,152821347.68,,,"260,911,125.29 152,821,347.68"
2026Q1,星宇股份2026年第一季度报告,CF,投资支付的现金,2,2070027000.00,1425000000.00,,,"投资支付的现金 2,070,027,000.00 1,425,000,000.00"
2026Q1,星宇股份2026年第一季度报告,CF,投资活动现金流出小计,2,2330938125.29,1577821347.68,,,"投资活动现金流出小计 2,330,938,125.29 1,577,821,347.68"
2026Q1,星宇股份2026年第一季度报告,CF,投资活动产生的现金流量净额,2,-557675020.21,-246698833.18,,,"投资活动产生的现金流量净额 -557,675,020.21 -246,698,833.18"
2026Q1,星宇股份2026年第一季度报告,CF,吸收投资收到的现金,1,3000000.00,,,,"吸收投资收到的现金 3,000,000.00"
2026Q1,星宇股份2026年第一季度报告,CF,其中：子公司吸收少数股东投资收到的现金,1,3000000.00,,,,"其中：子公司吸收少数股东投资收到的现金 3,000,000.00"
2026Q1,星宇股份2026年第一季度报告,CF,筹资活动现金流入小计,1,3000000.00,,,,"筹资活动现金流入小计 3,000,000.00"
2026Q1,星宇股份2026年第一季度报告,CF,支付其他与筹资活动有关的现金,2,115166745.79,5912048.09,,,"支付其他与筹资活动有关的现金 115,166,745.79 5,912,048.09"
2026Q1,星宇股份2026年第一季度报告,CF,筹资活动现金流出小计,2,115166745.79,5912048.09,,,"筹资活动现金流出小计 115,166,745.79 5,912,048.09"
2026Q1,星宇股份2026年第一季度报告,CF,筹资活动产生的现金流量净额,2,-112166745.79,-5912048.09,,,"筹资活动产生的现金流量净额 -112,166,745.79 -5,912,048.09"
2026Q1,星宇股份2026年第一季度报告,CF,汇率变动对现金及现金等价物的影响,2,-15179749.04,21553879.91,,,"四、汇率变动对现金及现金等价物的影响 -15,179,749.04 21,553,879.91"
2026Q1,星宇股份2026年第一季度报告,CF,现金及现金等价物净增加额,2,-263966149.39,157555425.90,,,"五、现金及现金等价物净增加额 -263,966,149.39 157,555,425.90"
2026Q1,星宇股份2026年第一季度报告,CF,加：期初现金及现金等价物余额,2,2343875084.22,1925079016.90,,,"加：期初现金及现金等价物余额 2,343,875,084.22 1,925,079,016.90"
2026Q1,星宇股份2026年第一季度报告,CF,期末现金及现金等价物余额,2,2079908934.83,2082634442.80,,,"六、期末现金及现金等价物余额 2,079,908,934.83 2,082,634,442.80"
2026Q1,星宇股份2026年第一季度报告,CF,,1,2026,,,,(三)2026年起首次执行新会计准则或准则解释等涉及调整首次执行当年年初的财务报表
